filename,stratum,total_tokens,t1_count,t2_count,t3_count,t4_count,unknown_count,t4_ratio,common_ratio,unknown_tokens
control_01.txt,control,353,195,56,0,2,100,0.008,0.711,"[""adding"", ""airtight"", ""an"", ""are"", ""baked"", ""baking"", ""balls"", ""celsius"", ""centre"", ""centres"", ""chewy"", ""chilling"", ""chips"", ""collected"", ""combined"", ""cookies"", ""creaming"", ""crisp"", ""cups"", ""deepens"", ""degrees"", ""dense"", ""domain"", ""dough"", ""edges"", ""eggs"", ""extract"", ""flavour"", ""fluffy"", ""golden"", ""granulated"", ""helps"", ""inches"", ""ingredients"", ""is"", ""lightly"", ""middles"", ""minutes"", ""mixer"", ""mixing"", ""overmix"", ""packed"", ""parchment"", ""preheat"", ""quarters"", ""rack"", ""richer"", ""rounded"", ""scoop"", ""semisweet"", ""sheets"", ""soda"", ""softened"", ""spacing"", ""spreading"", ""stir"", ""stratum"", ""sugars"", ""synthetic"", ""tablespoons"", ""teaspoon"", ""transferring"", ""tray"", ""underbaked"", ""unsalted"", ""vanilla"", ""vocabulary"", ""whisk""]"
control_02.txt,control,367,191,59,0,1,116,0.004,0.6812,"[""'s"", ""added"", ""afterwards"", ""an"", ""are"", ""arrived"", ""athletic"", ""attacking"", ""brookfield"", ""calmly"", ""capitalising"", ""celebrations"", ""changes"", ""collected"", ""comeback"", ""corners"", ""crossbar"", ""curled"", ""daniel"", ""defence"", ""defensive"", ""deflection"", ""dense"", ""diving"", ""domain"", ""doubled"", ""equaliser"", ""fierce"", ""forcing"", ""formation"", ""frantic"", ""goalkeeper"", ""goals"", ""grew"", ""had"", ""header"", ""heading"", ""hillcrest"", ""interval"", ""journalism"", ""lifts"", ""looked"", ""made"", ""marker"", ""matches"", ""midfield"", ""minutes"", ""momentum"", ""nod"", ""okoro"", ""opened"", ""packed"", ""paid"", ""passes"", ""penalty"", ""places"", ""players"", ""playoff"", ""praised"", ""pressed"", ""produced"", ""pulled"", ""pushed"", ""recovery"", ""refused"", ""remaining"", ""restart"", ""restless"", ""rising"", ""riverside"", ""saves"", ""saying"", ""scores"", ""scoring"", ""seals"", ""seventieth"", ""slotted"", ""spark"", ""sports"", ""staged"", ""stoppage"", ""stratum"", ""striker"", ""struggled"", ""substitute"", ""switching"", ""synthetic"", ""tap"", ""teams"", ""thrown"", ""tipping"", ""took"", ""touchline"", ""turned"", ""twelfth"", ""visitors"", ""vocabulary"", ""volley"", ""whipped"", ""winger"", ""winning""]"
control_03.txt,control,383,175,78,0,2,128,0.0079,0.6606,"[""'s"", ""addressing"", ""adopters"", ""an"", ""analysts"", ""animation"", ""appealing"", ""appeared"", ""applications"", ""apps"", ""awkward"", ""bars"", ""been"", ""brighter"", ""brightness"", ""built"", ""buyers"", ""carries"", ""claiming"", ""claims"", ""cleanly"", ""closes"", ""closing"", ""collected"", ""combined"", ""comfortably"", ""compatibility"", ""complaints"", ""costs"", ""crease"", ""cycles"", ""delivers"", ""dense"", ""developers"", ""domain"", ""durability"", ""earlier"", ""easier"", ""ecosystem"", ""editing"", ""enthusiasts"", ""extended"", ""falling"", ""faster"", ""foldable"", ""foldables"", ""folds"", ""gaming"", ""generations"", ""handset"", ""handsets"", ""has"", ""higher"", ""hinge"", ""hood"", ""hundreds"", ""improved"", ""improvements"", ""is"", ""journalism"", ""larger"", ""layouts"", ""leaving"", ""maker"", ""making"", ""manufacturer"", ""manufacturing"", ""mechanism"", ""models"", ""niche"", ""owners"", ""peak"", ""phones"", ""premium"", ""prices"", ""processor"", ""producing"", ""promises"", ""prone"", ""putting"", ""rating"", ""ratio"", ""reaches"", ""redesigned"", ""refreshes"", ""remains"", ""reported"", ""resistance"", ""reviewers"", ""runs"", ""said"", ""says"", ""scrolling"", ""sessions"", ""sized"", ""smoother"", ""stayed"", ""stratum"", ""stretched"", ""suited"", ""sunlight"", ""synthetic"", ""tech"", ""tested"", ""thousands"", ""unveiled"", ""users"", ""versions"", ""visible"", ""vocabulary"", ""wider""]"
control_04.txt,control,397,233,46,0,2,116,0.0072,0.7028,"[""alleys"", ""an"", ""appearing"", ""asking"", ""avoids"", ""bakery"", ""baskets"", ""begun"", ""bench"", ""blanket"", ""blinking"", ""built"", ""cameras"", ""carried"", ""casual"", ""ceramics"", ""chairs"", ""checklist"", ""climbed"", ""cobbled"", ""collected"", ""counter"", ""curiosity"", ""disappeared"", ""domain"", ""dragging"", ""drifting"", ""ducking"", ""dusted"", ""feet"", ""fingers"", ""flaky"", ""folded"", ""fountain"", ""gathered"", ""golden"", ""greeting"", ""had"", ""hopefully"", ""is"", ""jingled"", ""landlady"", ""lane"", ""letting"", ""longer"", ""makes"", ""maps"", ""mentioned"", ""met"", ""nap"", ""nearby"", ""nodded"", ""noon"", ""others"", ""overlap"", ""owners"", ""pastries"", ""pastry"", ""pavement"", ""pigeons"", ""pushed"", ""ran"", ""retreated"", ""returning"", ""rolling"", ""said"", ""sat"", ""scrape"", ""shopkeeper"", ""shops"", ""shutter"", ""sights"", ""slipped"", ""smiled"", ""sold"", ""spent"", ""staying"", ""steps"", ""stirred"", ""stratum"", ""streets"", ""sunlight"", ""surfacing"", ""synthetic"", ""tables"", ""terms"", ""terrace"", ""tourists"", ""tray"", ""tucked"", ""unfamiliar"", ""unhurried"", ""vocabulary"", ""wandered"", ""was"", ""washed"", ""were"", ""woke"", ""words"", ""worn"", ""woven"", ""wrapped""]"
control_05.txt,control,417,231,71,0,6,109,0.0199,0.7242,"[""anchored"", ""balcony"", ""beginners"", ""blossom"", ""branches"", ""buried"", ""burying"", ""cage"", ""causes"", ""centimetres"", ""choosing"", ""climbs"", ""collected"", ""coloured"", ""compacts"", ""containers"", ""domain"", ""drainage"", ""drains"", ""easiest"", ""encourages"", ""evenly"", ""faster"", ""fertiliser"", ""flowers"", ""formulated"", ""gardening"", ""growing"", ""grows"", ""harvest"", ""has"", ""holes"", ""hours"", ""ideally"", ""inconsistent"", ""instructional"", ""is"", ""joints"", ""kilograms"", ""leaves"", ""loosely"", ""matches"", ""mature"", ""moist"", ""parallels"", ""patience"", ""picking"", ""pinch"", ""planting"", ""plants"", ""poorly"", ""pots"", ""potting"", ""problems"", ""procedural"", ""produces"", ""producing"", ""productive"", ""puts"", ""remaining"", ""ripening"", ""roots"", ""rot"", ""seedling"", ""shoots"", ""squeeze"", ""stake"", ""starting"", ""stem"", ""stratum"", ""stronger"", ""sturdy"", ""sunniest"", ""sunny"", ""synthetic"", ""texts"", ""tightly"", ""tomatoes"", ""towards"", ""unchecked"", ""watering"", ""waterlogged"", ""ways"", ""weeks"", ""windowsill""]"
expert_01.txt,expert,2167,1045,375,0,123,624,0.0866,0.6553,"[""25a"", ""accepted"", ""accord"", ""according"", ""accounting"", ""accuracy"", ""accurately"", ""acting"", ""acts"", ""added"", ""adding"", ""additions"", ""adjustments"", ""administrations"", ""administrative"", ""africa"", ""african"", ""aimed"", ""aims"", ""align"", ""an"", ""analyses"", ""annex"", ""anti"", ""applicable"", ""applies"", ""applying"", ""arbitrariness"", ""arbitrary"", ""are"", ""ascertained"", ""asian"", ""assessed"", ""australia"", ""authorises"", ""authorities"", ""backdrop"", ""backwardness"", ""bangladesh"", ""calculations"", ""canada"", ""cater"", ""certainty"", ""challenges"", ""charging"", ""cif"", ""cif1"", ""co"", ""collected"", ""collector"", ""competent"", ""complaints"", ""complement"", ""compliance"", ""compliant"", ""computed"", ""conditions"", ""conferred"", ""confers"", ""confidential"", ""conforms"", ""considering"", ""consignment"", ""contains"", ""conversion"", ""costs"", ""countries"", ""covering"", ""criteria"", ""critically"", ""cumbersome"", ""dearth"", ""decisions"", ""declaration"", ""declared"", ""defective"", ""defined"", ""delayed"", ""delineating"", ""demands"", ""demonstrated"", ""denied"", ""designed"", ""determination"", ""developed"", ""developing"", ""differences"", ""differentiate"", ""difficulties"", ""directives"", ""discretion"", ""dispute"", ""does"", ""dsb"", ""dumping"", ""elements"", ""eliminate"", ""empowers"", ""enabling"", ""enquiries"", ""ensuring"", ""envisaged"", ""envisages"", ""equitable"", ""estimation"", ""european"", ""existent"", ""expanding"", ""exported"", ""exporters"", ""facilitate"", ""factors"", ""facts"", ""fictitious"", ""filing"", ""fixation"", ""fob"", ""fob2"", ""framework"", ""freight"", ""frustrating"", ""gaap"", ""gathering"", ""gives"", ""governments"", ""grounds"", ""handled"", ""harmonising"", ""harmonizing"", ""has"", ""helping"", ""hereinafter"", ""highlighted"", ""honour"", ""iii"", ""implementation"", ""imported"", ""importers"", ""importing"", ""inadequate"", ""inconsistencies"", ""incorporated"", ""incoterms"", ""india"", ""influenced"", ""instruments"", ""insubstantial"", ""insufficient"", ""interests"", ""invoice"", ""invoicing"", ""is"", ""keeping"", ""keeps"", ""largest"", ""laws"", ""legislation"", ""levy"", ""likewise"", ""lodge"", ""made"", ""makes"", ""making"", ""measures"", ""mechanism"", ""members"", ""methods"", ""ministry"", ""moreover"", ""myanmar"", ""neutral"", ""non"", ""obligations"", ""obligatory"", ""obliged"", ""operators"", ""others"", ""outcomes"", ""outlaws"", ""overcome"", ""paid"", ""pakistan"", ""partial"", ""payable"", ""pca"", ""peculiarities"", ""penalty"", ""places"", ""policies"", ""practices"", ""precisely"", ""preclude"", ""predictability"", ""predictable"", ""premise"", ""preparing"", ""prescribed"", ""prescribes"", ""presented"", ""prevails"", ""prevalent"", ""principles"", ""prior"", ""procedures"", ""products"", ""prohibits"", ""protecting"", ""provides"", ""provision"", ""provisions"", ""publicised"", ""published"", ""publishes"", ""purposes"", ""quantifiable"", ""rates"", ""realities"", ""reasons"", ""referred"", ""reflects"", ""regarding"", ""regulate"", ""rejected"", ""relating"", ""remains"", ""requested"", ""required"", ""requirements"", ""requires"", ""requisite"", ""rescinded"", ""resolution"", ""resolved"", ""resources"", ""reveals"", ""revenue"", ""reviewing"", ""revised"", ""rights"", ""rules"", ""ruling"", ""rulings"", ""settlement"", ""simplifying"", ""socio"", ""sources"", ""specifies"", ""standardising"", ""stark"", ""states"", ""stipulates"", ""strictly"", ""strikes"", ""structures"", ""sub"", ""submission"", ""submitted"", ""supporting"", ""surveillance"", ""systems"", ""taken"", ""tariff"", ""tariffs"", ""taxes"", ""technological"", ""themes"", ""thwarting"", ""trader"", ""traders"", ""trading"", ""transactions"", ""transparency"", ""transparent"", ""transposed"", ""treated"", ""treaty"", ""undocumented"", ""uniformity"", ""unpredictable"", ""using"", ""valuation"", ""values"", ""vii"", ""violation"", ""was"", ""were"", ""wto"", ""®"", ""’s""]"
expert_02.txt,expert,2135,1088,363,0,131,553,0.0903,0.6796,"[""'s"", ""144(1"", ""144(2"", ""6th"", ""71(1)(e"", ""74(3"", ""absence"", ""accordance"", ""activities"", ""adjusted"", ""adjustments"", ""agricultural"", ""agriculture"", ""allows"", ""an"", ""analogous"", ""analysed"", ""applied"", ""applying"", ""are"", ""arises"", ""arrangements"", ""articles"", ""availability"", ""becomes"", ""been"", ""binding"", ""borders"", ""bound"", ""brought"", ""buyers"", ""calculated"", ""calculations"", ""carried"", ""carries"", ""cases"", ""catalysers"", ""chains"", ""changes"", ""characteristics"", ""charged"", ""charges"", ""cif"", ""circular"", ""circulation"", ""clarifications"", ""clarity"", ""commentary"", ""commodities"", ""commodity"", ""companies"", ""comparable"", ""compendium"", ""completing"", ""computed"", ""concluding"", ""concrete"", ""confidentiality"", ""consequently"", ""consignment"", ""contained"", ""containing"", ""contractual"", ""controls"", ""costs"", ""countries"", ""criteria"", ""customers"", ""decisions"", ""declared"", ""declares"", ""deducting"", ""deductive"", ""definitions"", ""delivers"", ""depends"", ""described"", ""destroyed"", ""destruction"", ""determination"", ""determining"", ""did"", ""discretion"", ""discussions"", ""does"", ""done"", ""doubting"", ""doubts"", ""e.g"", ""entering"", ""established"", ""estimated"", ""eu"", ""eur"", ""evident"", ""existed"", ""exists"", ""extract"", ""extracted"", ""facilitating"", ""farms"", ""fertiliser"", ""fertilisers"", ""flexibility"", ""fulfilled"", ""gatt"", ""gives"", ""growing"", ""guidelines"", ""had"", ""handling"", ""has"", ""hazardous"", ""helps"", ""higher"", ""i.e"", ""ia"", ""identical/"", ""implementing"", ""imported"", ""importing"", ""impurities"", ""incurred"", ""instruments"", ""interpretative"", ""is"", ""known"", ""laid"", ""legislation"", ""licenses"", ""loading"", ""longer"", ""looked"", ""made"", ""makes"", ""managed"", ""markets"", ""materials"", ""materials/"", ""metals"", ""methodology"", ""methods"", ""moreover"", ""ms"", ""narrowly"", ""needed"", ""neutralised"", ""neutralized"", ""newest"", ""noted"", ""objectively"", ""objectives"", ""obligations"", ""obtained"", ""operating"", ""operations"", ""paid"", ""parties"", ""payable"", ""pays"", ""persons"", ""prices"", ""principles"", ""procedures"", ""processed"", ""processing"", ""products"", ""provided"", ""provides"", ""provisions"", ""published"", ""purchased"", ""purposes"", ""questions"", ""quoted"", ""raised"", ""reasons"", ""recalculate"", ""recipes"", ""recipients"", ""recognised"", ""recoverable"", ""referred"", ""refers"", ""reflection"", ""reflects"", ""regardless"", ""relating"", ""released"", ""reliability"", ""remains"", ""remarks"", ""renewed"", ""repaired"", ""required"", ""requirements"", ""resale"", ""reseller"", ""reused"", ""revealed"", ""rules"", ""said"", ""sake"", ""sales"", ""sawdust"", ""scrap"", ""sells"", ""separation"", ""services"", ""significance"", ""situations"", ""sold"", ""sought"", ""specificity"", ""starting"", ""storage"", ""subsequent"", ""subsidiary"", ""supplemented"", ""supplied"", ""supplies"", ""symbolic"", ""taken"", ""taxes"", ""terms"", ""territory"", ""tonne"", ""took"", ""transactions"", ""transported"", ""transporting"", ""transports"", ""treated"", ""types"", ""ucc"", ""unrelated"", ""using"", ""valuation"", ""verification"", ""vii"", ""was"", ""were"", ""whereby"", ""wto"", ""x"", ""x."", ""y"", ""y."", ""z"", ""z.""]"
expert_03.txt,expert,2750,1326,422,0,122,880,0.0698,0.6356,"[""'s"", ""16th"", ""3(a"", ""3ʳᵈ"", ""48(1"", ""academy"", ""accepted"", ""according"", ""accountant"", ""accountants"", ""actively"", ""added"", ""adds"", ""adjust"", ""adjusted"", ""adjustment"", ""aduaneiras"", ""adó-"", ""affiliated"", ""agents"", ""agreements"", ""aha"", ""aimed"", ""allocate"", ""allocation"", ""america"", ""amounts"", ""an"", ""andean"", ""answered"", ""answers"", ""appealed"", ""appeals"", ""applied"", ""applies"", ""applying"", ""approaches"", ""are"", ""areas"", ""argumentation"", ""asia"", ""aspects"", ""assists"", ""audits"", ""authorities"", ""authors"", ""backing"", ""barbosa"", ""becoming"", ""been"", ""benchmarks"", ""biding"", ""bielskiene"", ""biggest"", ""binding"", ""boi"", ""bois"", ""books"", ""branches"", ""brazil"", ""brazilian"", ""brexit"", ""btis"", ""bukowski"", ""bulgaria"", ""bulgarian"", ""businesses"", ""buying"", ""bvi"", ""bvis"", ""cabinet"", ""calculated"", ""calculating"", ""canada"", ""canadian"", ""cases"", ""ccrm"", ""certainty"", ""challenges"", ""challenging"", ""changed"", ""changes"", ""chartered"", ""china"", ""cif"", ""circuit"", ""cjeu"", ""clarified"", ""co"", ""colombia"", ""colombian"", ""comes"", ""commerce"", ""companies"", ""competence"", ""complexity"", ""complying"", ""concerning"", ""concludes"", ""conclusions"", ""conditional"", ""conditions"", ""conferences"", ""confirmed"", ""confusion"", ""cons"", ""consequences"", ""considered"", ""considering"", ""consult"", ""contains"", ""continents"", ""contrary"", ""controlled"", ""controls"", ""convention"", ""cookware"", ""corporation"", ""correctness"", ""correlate"", ""correspondence"", ""costs"", ""counsel"", ""counterparties"", ""countries"", ""courts"", ""creates"", ""crowell"", ""cursos"", ""customers"", ""customsclear"", ""d'avocats"", ""david"", ""davidson"", ""ddp"", ""decisions"", ""declaration"", ""declared"", ""delicate"", ""delivered"", ""demanding"", ""demonstrates"", ""dereviankine"", ""describes"", ""details"", ""determining"", ""developed"", ""developing"", ""deviate"", ""differences"", ""difficulties"", ""discounts"", ""discussed"", ""discussions"", ""disputes"", ""distributors"", ""doctrine"", ""documentation"", ""does"", ""done"", ""doubts"", ""dr"", ""drew"", ""dunántúli"", ""dutiable"", ""duties"", ""e"", ""e.g"", ""economies"", ""eduardo"", ""effects"", ""emails"", ""emphasised"", ""enrika"", ""enterprises"", ""entities"", ""entity"", ""errors"", ""establishes"", ""etc"", ""eu"", ""eur"", ""europe"", ""european"", ""events"", ""evguenia"", ""exceptional"", ""exclusive"", ""experts"", ""explaining"", ""explicitly"", ""expresses"", ""extension"", ""faced"", ""factual"", ""favour"", ""fines"", ""firstly"", ""founder"", ""france"", ""fraud"", ""french"", ""functioning"", ""főigazgatósága"", ""gatt"", ""gave"", ""georgi"", ""given"", ""goranov"", ""granted"", ""grey"", ""guidance"", ""handled"", ""harley"", ""has"", ""held"", ""hfs"", ""higher"", ""highlighted"", ""highlights"", ""horgan"", ""hungary"", ""i.e"", ""icc"", ""ilona"", ""ils"", ""implementation"", ""imported"", ""importers"", ""importing"", ""imposes"", ""incidental"", ""incisive"", ""includes"", ""incoterms"", ""influenced"", ""initiate"", ""insights"", ""interpretation"", ""interpretations"", ""ireland"", ""ironic"", ""irrelevant"", ""is"", ""israel"", ""israeli"", ""issued"", ""issues"", ""jointly"", ""jonas"", ""juan"", ""judgement"", ""judging"", ""jurisdictions"", ""kft"", ""korean"", ""l."", ""latter"", ""legislation"", ""legislative"", ""legislator"", ""legitimate"", ""leite"", ""limits"", ""lithuania"", ""lithuanian"", ""ltd"", ""made"", ""managed"", ""manufacturer"", ""manufacturers"", ""maritime"", ""marketplaces"", ""mayer"", ""meetings"", ""meets"", ""mentioned"", ""met"", ""meyer"", ""minimise"", ""minimising"", ""mishchenko"", ""mitchell"", ""moments"", ""monika"", ""moring"", ""moved"", ""movements"", ""moving"", ""namely"", ""naujoke"", ""needs"", ""nemzeti"", ""neville"", ""non"", ""noted"", ""noticed"", ""number"", ""nyugat"", ""obstacles"", ""odessa"", ""oecd"", ""officials"", ""omer"", ""ones"", ""opposing"", ""overview"", ""paid"", ""paradigmes"", ""particularities"", ""parties"", ""payable"", ""penalties"", ""pendulum"", ""peter"", ""platforms"", ""poses"", ""powers"", ""practices"", ""precedence"", ""precise"", ""preliminary"", ""prices"", ""problematic"", ""problems"", ""procedures"", ""pros"", ""provides"", ""provision"", ""provisional"", ""provisions"", ""published"", ""purchased"", ""purchaser"", ""purchases"", ""purposes"", ""pwc"", ""pénzügyőri"", ""questionable"", ""questions"", ""raises"", ""ran"", ""reasons"", ""receiving"", ""recognised"", ""reconsider"", ""refers"", ""refrigerators"", ""regionális"", ""regulations"", ""rejected"", ""relates"", ""relating"", ""relying"", ""remanded"", ""representation"", ""requested"", ""required"", ""requirements"", ""retroactive"", ""revoked"", ""rights"", ""royalties"", ""ruled"", ""rules"", ""ruling"", ""rulings"", ""sakalauskas"", ""sales"", ""scheme"", ""secondly"", ""seeks"", ""seems"", ""seller"", ""shared"", ""shipment"", ""signed"", ""simplified"", ""smaller"", ""sold"", ""solely"", ""solutions"", ""sought"", ""sources"", ""sourcing"", ""specified"", ""ss"", ""standards"", ""stated"", ""states"", ""stating"", ""statistical"", ""statistics"", ""statute"", ""steps"", ""subsidiaries"", ""symposiums"", ""taken"", ""takes"", ""taking"", ""targets"", ""tariffs"", ""tasks"", ""taxation"", ""taxes"", ""terms"", ""territory"", ""things"", ""thirdly"", ""thoughts"", ""tighten"", ""tools"", ""topics"", ""trading"", ""transaction"", ""treated"", ""treaty"", ""treinamentos"", ""trends"", ""tried"", ""tries"", ""u.s."", ""uk"", ""ukraine"", ""unaffected"", ""underestimation"", ""underlying"", ""undervaluation"", ""undervaluations"", ""unitax"", ""units"", ""unlimited"", ""unreasonably"", ""upcoming"", ""upheld"", ""upwards"", ""usa"", ""using"", ""v"", ""v."", ""vacated"", ""valuation"", ""valued"", ""vs"", ""vám-"", ""vámhivatal"", ""wagner"", ""was"", ""webinar"", ""were"", ""weronika"", ""won"", ""words"", ""years"", ""zandra"", ""és"", ""с-291/15"", ""’s""]"
expert_04.txt,expert,706,355,120,0,9,222,0.0189,0.6728,"[""24th"", ""accounts"", ""afforded"", ""agreed"", ""agreements"", ""and/"", ""annex"", ""anticipated"", ""applied"", ""are"", ""avail"", ""baked"", ""bakers"", ""became"", ""been"", ""began"", ""benefits"", ""blended"", ""brexit"", ""british"", ""businesses"", ""came"", ""canada"", ""canadian"", ""capability"", ""ceta"", ""chains"", ""christmas"", ""circulation"", ""companies"", ""comparatively"", ""comply"", ""conditions"", ""considered"", ""continental"", ""cooperation"", ""counterpart"", ""counterparts"", ""cumulation"", ""demands"", ""demonstrated"", ""diagonal"", ""dispatched"", ""duties"", ""efficiencies"", ""efficiently"", ""eroded"", ""eu"", ""eu/"", ""europe"", ""exposed"", ""exposure"", ""facilitated"", ""frictionless"", ""gave"", ""had"", ""has"", ""heading"", ""hitherto"", ""hs"", ""imported"", ""independence"", ""inefficient"", ""infrastructure"", ""introduced"", ""invalidated"", ""ireland"", ""irish"", ""is"", ""kingdom"", ""leaves"", ""made"", ""maker"", ""makers"", ""manufacture"", ""meant"", ""mill"", ""milled"", ""months"", ""needs"", ""neighbouring"", ""non"", ""obtained"", ""orig"", ""originating"", ""owners"", ""portion"", ""preferential"", ""presented"", ""processing"", ""products"", ""professionals"", ""protein"", ""provision"", ""re"", ""recalibration"", ""required"", ""requirements"", ""requires"", ""resolution"", ""revealed"", ""roo"", ""sourced"", ""sources"", ""speaking"", ""stands"", ""tariff"", ""tca"", ""tolerance"", ""traders"", ""trades"", ""uk"", ""uncompetitive"", ""unwelcome"", ""vulnerabilities"", ""was"", ""wheat"", ""whoever"", ""wholly"", ""wrangling"", ""’s""]"
expert_05.txt,expert,2471,1205,437,0,131,698,0.0798,0.6645,"[""'s"", ""a-261"", ""a-352"", ""a-377"", ""accepted"", ""accesses"", ""accession"", ""accordance"", ""according"", ""accounting"", ""accuracy"", ""acknowledgment"", ""actions"", ""administrative"", ""administrator"", ""admissibility"", ""admissible"", ""advantages"", ""agreed"", ""allowed"", ""allows"", ""ambiguously"", ""an"", ""analogous"", ""analysing"", ""anti"", ""appears"", ""applicable"", ""applicant"", ""applicants"", ""applying"", ""are"", ""arguing"", ""arguments"", ""arose"", ""articles"", ""assessed"", ""assigned"", ""authenticity"", ""authorities"", ""beemsterboer"", ""been"", ""begun"", ""belongs"", ""benefits"", ""besides"", ""bills"", ""borne"", ""bound"", ""broadly"", ""burden"", ""c-12/92"", ""c-21/13"", ""c-293/04"", ""c-416/15"", ""c-438/11"", ""carrying"", ""cases"", ""categorical"", ""certificate"", ""certificates"", ""certify"", ""challenged"", ""china"", ""chinese"", ""cjeu"", ""clarified"", ""clearing"", ""co"", ""coldstore"", ""collected"", ""compared"", ""competent"", ""completed"", ""complicates"", ""concerning"", ""concessions"", ""concluded"", ""concluding"", ""conclusions"", ""confirmed"", ""consequences"", ""considered"", ""consolidated"", ""contained"", ""contracts"", ""contradictory"", ""controversies"", ""creating"", ""criteria"", ""dealt"", ""debatable"", ""decisions"", ""declaration"", ""declarations"", ""defined"", ""delivered"", ""demanding"", ""demands"", ""demonstrated"", ""denying"", ""derivative"", ""described"", ""describing"", ""determination"", ""determining"", ""developing"", ""did"", ""differ"", ""differences"", ""disagreed"", ""discusses"", ""dispute"", ""disputed"", ""disputes"", ""disputing"", ""distinctive"", ""distinguishes"", ""distributed"", ""distributing"", ""diversity"", ""documentation"", ""documents"", ""dumping"", ""duties"", ""e."", ""ea-304"", ""ea1671"", ""edmond"", ""emerging"", ""emphasized"", ""emphasizes"", ""essentially"", ""etc"", ""eu"", ""european"", ""evers"", ""examined"", ""existing"", ""explicitly"", ""exporting"", ""expressly"", ""facts"", ""fasteners"", ""favour"", ""favourable"", ""features"", ""fines"", ""firstly"", ""followed"", ""formulated"", ""fraud"", ""g."", ""gathered"", ""giving"", ""greater"", ""had"", ""has"", ""held"", ""higher"", ""highlights"", ""huygen"", ""i."", ""identifying"", ""implementation"", ""implementing"", ""imported"", ""importers"", ""importing"", ""imposition"", ""inaccuracy"", ""inaccurate"", ""incorrect"", ""increased"", ""institutions"", ""interpretations"", ""interpreted"", ""investigations"", ""invoice"", ""invoices"", ""involving"", ""is"", ""issued"", ""judgments"", ""justified"", ""justifying"", ""kingdom"", ""lading"", ""lagura"", ""lawful"", ""laying"", ""leads"", ""liable"", ""lies"", ""linked"", ""lithuania"", ""lithuanian"", ""making"", ""mentioned"", ""non"", ""noted"", ""obtained"", ""olaf"", ""operating"", ""operations"", ""originating"", ""others"", ""p."", ""para"", ""paragraphs"", ""parties"", ""peculiarities"", ""performed"", ""places"", ""practices"", ""precedents"", ""preferential"", ""presents"", ""prevents"", ""primarily"", ""problematic"", ""procedures"", ""proceedings"", ""proofs"", ""proved"", ""provided"", ""proving"", ""provision"", ""provisions"", ""reasoning"", ""received"", ""recognition"", ""recognizes"", ""recommendations"", ""referred"", ""regarding"", ""rejected"", ""relied"", ""removed"", ""reports"", ""republic"", ""requirements"", ""restrictive"", ""rests"", ""reveals"", ""risks"", ""românia"", ""rules"", ""said"", ""sanctions"", ""secondly"", ""selena"", ""services"", ""serving"", ""shifts"", ""simon"", ""situations"", ""sole"", ""solely"", ""sought"", ""sources"", ""stated"", ""states"", ""stating"", ""subsequent"", ""subsequently"", ""substantial"", ""substantially"", ""substantiate"", ""substantiates"", ""suffered"", ""sufficient"", ""summarizing"", ""supported"", ""supports"", ""supreme"", ""taipei"", ""taiwan"", ""taking"", ""tariff"", ""tariffs"", ""taxation"", ""taxpayer"", ""territory"", ""thailand"", ""therein"", ""trader"", ""traders"", ""traditionally"", ""transaction"", ""transactions"", ""transformation"", ""ucc"", ""understood"", ""underwent"", ""using"", ""validity"", ""verified"", ""vermögensverwaltung"", ""vs"", ""was"", ""were"", ""wholly"", ""withheld"", ""wrongly""]"
expert_06.txt,expert,819,411,126,0,21,261,0.0391,0.6557,"[""'s"", ""1st"", ""accordance"", ""according"", ""achieved"", ""added"", ""advisable"", ""agreements"", ""applicable"", ""applies"", ""are"", ""articles"", ""assemblies"", ""benefitting"", ""bilateral"", ""bills"", ""bound"", ""c"", ""calculations"", ""called"", ""chapters"", ""codes"", ""communicated"", ""companies"", ""convention"", ""corresponding"", ""countries"", ""criteria"", ""declaration"", ""deliveries"", ""depending"", ""does"", ""e.g"", ""erp"", ""eur.1"", ""european"", ""ex"", ""exceed"", ""exclusively"", ""exw"", ""follows"", ""framework"", ""has"", ""heading"", ""highest"", ""hs"", ""hurdles"", ""i.e"", ""incomplete"", ""incorporated"", ""individually"", ""injection"", ""innovation"", ""input"", ""is"", ""issued"", ""issuing"", ""items"", ""machinery"", ""machines"", ""maintained"", ""manufacture"", ""manufactured"", ""manufacturing"", ""margins"", ""materials"", ""matrix"", ""mediterranean"", ""mentioned"", ""moulded"", ""mutually"", ""number"", ""numbers"", ""obtained"", ""offers"", ""paid"", ""parallel"", ""parameters"", ""parts"", ""pem"", ""phase.1"", ""preferential"", ""processes"", ""proofs"", ""proportion"", ""received"", ""recognisable"", ""reduced"", ""reflexively"", ""relating"", ""required"", ""resisting"", ""respective"", ""rethink"", ""rules"", ""screws"", ""shipments"", ""shown"", ""sold"", ""spare"", ""steps"", ""supplemented"", ""supplier"", ""suppliers"", ""switzerland"", ""systematically"", ""systems"", ""tariff"", ""thoughts"", ""tolerance"", ""transitional"", ""underlying"", ""values"", ""ways"", ""were"", ""wording"", ""works"", ""worthwhile""]"
expert_07.txt,expert,1920,866,335,0,76,643,0.0633,0.6255,"[""18th"", ""abusive"", ""accelerating"", ""acceptance"", ""accordance"", ""according"", ""accra"", ""added"", ""administrations"", ""administrative"", ""afcfta"", ""africa"", ""african"", ""agreements"", ""aims"", ""alleviates"", ""allows"", ""ambitious"", ""amongst"", ""an"", ""animals"", ""annex"", ""apparatus"", ""apparel"", ""appendices"", ""appendix"", ""applicable"", ""applied"", ""approved"", ""arabic"", ""are"", ""arrangements/"", ""aspects"", ""assembly"", ""assistance"", ""attended"", ""au"", ""avenues"", ""been"", ""beneficiaries"", ""benefits"", ""boost"", ""boosting"", ""breaking"", ""cameroon"", ""cases"", ""certificate"", ""certification"", ""certified"", ""chains"", ""changer"", ""chapters"", ""characteristics"", ""circulate"", ""circumvention"", ""commenced"", ""communities"", ""compliant"", ""comply"", ""comprehension"", ""comprehensive"", ""comprising"", ""concepts"", ""conditions"", ""confer"", ""conferring"", ""confidentiality"", ""considerable"", ""considered"", ""consignment"", ""consisting"", ""constitute"", ""contains"", ""continental"", ""cooperation"", ""coordinated"", ""countries"", ""covering"", ""creates"", ""criteria"", ""cumulation"", ""dealing"", ""declaration"", ""dedicated"", ""deemed"", ""describes"", ""determination"", ""developed"", ""dispute"", ""diversification"", ""does"", ""dubbed"", ""easier"", ""effects"", ""efficiently"", ""egypt"", ""elements"", ""eligible"", ""enables"", ""encouraged"", ""engagement"", ""english"", ""enhanced"", ""entered"", ""essentially"", ""estimated"", ""etc"", ""eu"", ""european"", ""ex"", ""examples"", ""excludes"", ""exhaustive"", ""expands"", ""explains"", ""explanations"", ""expressed"", ""extended"", ""extracted"", ""facilitation"", ""falling"", ""flagship"", ""flexibilities"", ""flexibility"", ""follows"", ""framework"", ""french"", ""fulfilled"", ""ghana"", ""given"", ""gross"", ""guaranteeing"", ""guided"", ""harmonisation"", ""harmonized"", ""harvested"", ""has"", ""having"", ""heading"", ""heads"", ""hence"", ""highlighted"", ""hs"", ""hunted"", ""identified"", ""implementation"", ""implemented"", ""imported"", ""importing"", ""imposed"", ""includes"", ""infant"", ""initiate"", ""input"", ""inputs/"", ""installed"", ""instruments"", ""insufficient"", ""integration"", ""interpreted"", ""intra"", ""invoice"", ""is"", ""issuance"", ""iv"", ""jointly"", ""kenya"", ""kickstart"", ""labelling"", ""largest"", ""latter"", ""launched"", ""legislation"", ""legislations"", ""listed"", ""machines"", ""made"", ""manipulated"", ""manipulations"", ""manufacturing"", ""materials"", ""matters"", ""mauritius"", ""meaningful"", ""measured"", ""meetings"", ""mixing"", ""mutual"", ""nationality"", ""non"", ""number"", ""objectives"", ""obtained"", ""offering"", ""officially"", ""operations"", ""operators"", ""opportunities"", ""organisations"", ""originate"", ""originating"", ""outlining"", ""overview"", ""packages"", ""packaging"", ""para"", ""participating"", ""parties"", ""partners"", ""partnership"", ""parts"", ""pave"", ""penalties"", ""portuguese"", ""preferential"", ""presented"", ""preservation"", ""procedural"", ""processed"", ""processes"", ""processing"", ""produced"", ""products"", ""programme"", ""projects"", ""promotes"", ""promotion"", ""properties"", ""protocol"", ""proven"", ""provided"", ""provides"", ""provision"", ""provisions"", ""psrs"", ""raised"", ""recs"", ""referred"", ""regulate"", ""relations"", ""reloading"", ""remedies"", ""required"", ""requirements"", ""roo"", ""rwanda"", ""schedules"", ""scope"", ""secretariat"", ""settlement"", ""signed"", ""skills"", ""specified"", ""stakeholders"", ""standards"", ""states"", ""stipulates"", ""submission"", ""submitted"", ""subsequently"", ""substantial"", ""sufficient"", ""sufficiently"", ""supported"", ""supports"", ""sustainable"", ""tailor"", ""taken"", ""tanzania"", ""tariff"", ""territorial"", ""territories"", ""textile"", ""therein"", ""threshold"", ""tolerance"", ""tools"", ""towards"", ""trading"", ""transformation"", ""transported"", ""transshipment"", ""treated"", ""trillion"", ""tunisia"", ""undergo"", ""undergone"", ""unloading"", ""usd"", ""verification"", ""was"", ""wco"", ""wholly"", ""widens"", ""words"", ""worked"", ""works"", ""zones"", ""’s""]"
expert_08.txt,expert,2337,1039,394,0,57,847,0.0398,0.6132,"[""'s"", ""25th"", ""absence"", ""accessibility"", ""accommodate"", ""accordingly"", ""acknowledging"", ""acting"", ""activation"", ""addresses"", ""administrative"", ""adoption"", ""advantages"", ""advocated"", ""advocating"", ""aeo"", ""aeoc"", ""aeos"", ""agents"", ""agreements"", ""aimed"", ""aims"", ""akritidis"", ""ambitious"", ""amendment"", ""amendments"", ""an"", ""analysed"", ""antov"", ""applicants"", ""approved"", ""are"", ""areas"", ""articles"", ""assessed"", ""attractiveness"", ""audit"", ""audited"", ""auditors"", ""authorisation"", ""authorisations"", ""authorised"", ""authorities"", ""authors"", ""awareness"", ""been"", ""behalf"", ""belgium"", ""benefits"", ""blackman"", ""broader"", ""brokerage"", ""brought"", ""builds"", ""bulgaria"", ""bulgarian"", ""burdens"", ""burdensome"", ""businesses"", ""bv"", ""cases"", ""ccrm"", ""centralised"", ""certificate"", ""challenges"", ""challenging"", ""changes"", ""christina"", ""christopher"", ""cited"", ""clarification"", ""clarified"", ""clarity"", ""closer"", ""coexistence"", ""collected"", ""combined"", ""commentary"", ""commitments"", ""communicating"", ""companies"", ""comparative"", ""complexities"", ""complexity"", ""compliance"", ""compliant"", ""complications"", ""comply"", ""comprehensive"", ""concepts"", ""concerns"", ""concludes"", ""conditions"", ""conducted"", ""confidential"", ""constitutes"", ""consult"", ""consulting"", ""contexts"", ""continued"", ""contributing"", ""contributions"", ""controls"", ""costs"", ""countries"", ""covering"", ""creating"", ""criteria"", ""critics"", ""crowell"", ""customers"", ""customsclear"", ""debts"", ""deferred"", ""defined"", ""delivering"", ""denmark"", ""depends"", ""details"", ""developments"", ""dhl"", ""disruption"", ""divided"", ""does"", ""drew"", ""e.g"", ""editorial"", ""effectiveness"", ""efficiency"", ""eligibility"", ""emphasised"", ""emphasising"", ""encourages"", ""enforcement"", ""enhancements"", ""enhances"", ""enrika"", ""ensuring"", ""enterprises"", ""entities"", ""entitled"", ""equivalent"", ""era"", ""establishment"", ""eu"", ""eur"", ""european"", ""evolution"", ""examines"", ""exceeding"", ""excluding"", ""existing"", ""expansion"", ""experts"", ""explains"", ""explicitly"", ""explored"", ""exporters"", ""expressed"", ""extending"", ""facilitates"", ""facilitating"", ""factors"", ""falls"", ""familiarise"", ""faster"", ""findings"", ""focused"", ""focuses"", ""focusing"", ""foremost"", ""format"", ""forwarding"", ""framework"", ""freight"", ""fulfilling"", ""gathered"", ""gave"", ""georgi"", ""german"", ""germany"", ""gmbh"", ""goranov"", ""granted"", ""greater"", ""harmonise"", ""has"", ""higher"", ""highlighted"", ""highlighting"", ""highlights"", ""holders"", ""hristina"", ""hristova"", ""hub"", ""hurdles"", ""ics2"", ""identified"", ""implement"", ""implementation"", ""implemented"", ""implications"", ""importers"", ""improved"", ""improvements"", ""inclusiveness"", ""incomprehensible"", ""industries"", ""infrastructure"", ""infringement"", ""infringements"", ""insights"", ""interests"", ""introduces"", ""introducing"", ""ireland"", ""is"", ""issues"", ""jason"", ""lacking"", ""laws"", ""leaving"", ""legislation"", ""legislative"", ""legitimate"", ""lengthy"", ""limits"", ""lithuania"", ""lithuanian"", ""logistics"", ""lpp"", ""ltd"", ""lux"", ""ma"", ""made"", ""maintains"", ""managing"", ""marking"", ""matt"", ""measured"", ""measures"", ""michael"", ""milestones"", ""minimal"", ""modernising"", ""momchil"", ""monitoring"", ""mutual"", ""naujoke"", ""needed"", ""needs"", ""netherlands"", ""non"", ""notable"", ""notably"", ""noted"", ""nsbs"", ""number"", ""objectives"", ""obligations"", ""obstacles"", ""obtaining"", ""offence"", ""offered"", ""offers"", ""officially"", ""operations"", ""operators"", ""opportunities"", ""organisation"", ""organisational"", ""osenbrüggen"", ""outlines"", ""overview"", ""parliament"", ""participants"", ""perceived"", ""perception"", ""periods"", ""perspectives"", ""phased"", ""phrased"", ""planned"", ""poses"", ""potentially"", ""practicality"", ""practitioners"", ""premises"", ""presented"", ""presents"", ""pressing"", ""proactively"", ""procedures"", ""processes"", ""programme"", ""programmes"", ""promises"", ""promising"", ""promoting"", ""proportionate"", ""proposals"", ""proposed"", ""protects"", ""providers"", ""provides"", ""provisionally"", ""provisions"", ""published"", ""questions"", ""raises"", ""reactivated"", ""readiness"", ""realise"", ""recognised"", ""recognition"", ""reduced"", ""refers"", ""reflects"", ""reform"", ""regarding"", ""regulatory"", ""reluctant"", ""remained"", ""remains"", ""remarks"", ""representatives"", ""representing"", ""required"", ""requirements"", ""requires"", ""requiring"", ""resisted"", ""resolution"", ""respondents"", ""restored"", ""resulting"", ""results"", ""revised"", ""revoked"", ""rigorous"", ""risks"", ""robust"", ""rules"", ""sabine"", ""safeguards"", ""scenario"", ""scrutiny"", ""sentiment"", ""shared"", ""sharing"", ""shows"", ""siemens"", ""simplification"", ""simplifications"", ""simplified"", ""smes"", ""solvency"", ""spain"", ""speakers"", ""stakeholder"", ""stakeholders"", ""standards"", ""started"", ""states"", ""streaming"", ""streamlining"", ""strictly"", ""stringent"", ""submitted"", ""subsequent"", ""suggests"", ""supported"", ""supports"", ""surveys"", ""suspended"", ""suspension"", ""systems"", ""t&c"", ""t&c."", ""taxation"", ""theoretical"", ""thereby"", ""timeframe"", ""timetable"", ""trader"", ""traders"", ""transformation"", ""transparency"", ""transparent"", ""trends"", ""trusted"", ""ucc"", ""uk"", ""uncertain"", ""uncertainty"", ""unclear"", ""underlined"", ""uneven"", ""unfold"", ""unitax"", ""unnoticed"", ""unresolved"", ""untapped"", ""users"", ""vague"", ""valid"", ""vassilis"", ""violations"", ""visited"", ""vs"", ""waiver"", ""was"", ""went"", ""were"", ""years"", ""€""]"
expert_09.txt,expert,6394,3212,1062,0,285,1835,0.0667,0.6684,"[""'s"", ""102(2)(b"", ""102(4"", ""104(2"", ""109(2)(2nd"", ""110(2"", ""119(1"", ""120(1"", ""123(2)(c"", ""124(1)(b"", ""128(3a)(c"", ""159(2"", ""176(2"", ""176(3"", ""18(3)(2nd"", ""181(4"", ""187(2"", ""191(1)(c"", ""20(1)(c"", ""20(3)(e"", ""201(1"", ""21(1"", ""211(3)(b"", ""24(4"", ""25(3)(e"", ""25(3)(f"", ""25(7"", ""27(1"", ""27(1)(3rd"", ""27(3"", ""27(6"", ""31(1"", ""38(6"", ""39(e"", ""3pl"", ""59(3"", ""62(1"", ""82(2"", ""88(3)(a"", ""95(2"", ""96(1"", ""abolish"", ""abolished"", ""abolition"", ""accelerate"", ""accepting"", ""accessible"", ""accompanied"", ""accordance"", ""according"", ""accountability"", ""accounted"", ""accounting"", ""accounts"", ""achieving"", ""acting"", ""activities"", ""adapted"", ""added"", ""administrative"", ""adopted"", ""advantages"", ""aeo"", ""aeoc"", ""aeocs"", ""aeos"", ""affecting"", ""agents"", ""agreed"", ""agreements"", ""albeit"", ""alia"", ""align"", ""alignment"", ""allowed"", ""allows"", ""alternatively"", ""alternatives"", ""amendment"", ""amendments"", ""an"", ""annex"", ""answered"", ""applicable"", ""applicant"", ""applicants"", ""applications"", ""applied"", ""applies"", ""appointing"", ""are"", ""areas"", ""arts"", ""aspects"", ""assistance"", ""assumed"", ""assumes"", ""assurance"", ""attractiveness"", ""audit"", ""auditors"", ""authorisation"", ""authorisations"", ""authorised"", ""authorities"", ""avert"", ""avoided"", ""avoiding"", ""b"", ""banks"", ""banned"", ""baseline"", ""been"", ""behalf"", ""beneficiaries"", ""benefits"", ""blanket"", ""brokers"", ""brought"", ""buyer"", ""carriers"", ""carrying"", ""cases"", ""caught"", ""causing"", ""cbam"", ""centralisation"", ""centralised"", ""certification"", ""cf"", ""changes"", ""changing"", ""charged"", ""charges"", ""checked"", ""circulation"", ""clarification"", ""clarified"", ""clarifying"", ""clearer"", ""clients"", ""coherent"", ""commerce"", ""committed"", ""companies"", ""compared"", ""compendium"", ""competent"", ""compliance"", ""complies"", ""comply"", ""comprehensive"", ""compulsory"", ""concerning"", ""concerns"", ""concluded"", ""conditions"", ""conducted"", ""conflicting"", ""conformity"", ""consequences"", ""consequently"", ""considerably"", ""considered"", ""consignee"", ""consignment"", ""consignor"", ""constitutes"", ""consultation"", ""consumption"", ""continues"", ""contra"", ""contradicts"", ""controls"", ""converted"", ""cooperate"", ""cooperation"", ""corrections"", ""correctness"", ""corresponding"", ""corresponds"", ""costs"", ""countries"", ""courses"", ""covering"", ""covers"", ""created"", ""criteria"", ""customers"", ""d"", ""da"", ""debts"", ""declaration"", ""declarations"", ""deduce"", ""deduced"", ""deemed"", ""defer"", ""deferment"", ""deferral"", ""deferred"", ""definitions"", ""deforestation"", ""delegated"", ""deliberations"", ""deliveries"", ""depriving"", ""described"", ""designation"", ""desired"", ""deterioration"", ""determining"", ""deviate"", ""differences"", ""difficulties"", ""directives"", ""disappears"", ""discussions"", ""disproportionate"", ""disproportionately"", ""documentation"", ""documents"", ""does"", ""duplication"", ""duties"", ""e"", ""e.g"", ""easier"", ""eliminates"", ""elimination"", ""empower"", ""empowered"", ""empowerment"", ""ensured"", ""ensuring"", ""entering"", ""enterprises"", ""enters"", ""entitled"", ""entitlement"", ""envisaged"", ""envisages"", ""ep"", ""equivalent"", ""erp"", ""errors"", ""essentially"", ""established"", ""establishment"", ""eu"", ""european"", ""evaluation"", ""evolve"", ""exacerbated"", ""examined"", ""examining"", ""examples"", ""excessive"", ""excise"", ""excluded"", ""exemption"", ""existing"", ""exiting"", ""expiry"", ""explained"", ""explains"", ""explanatory"", ""explicitly"", ""exporters"", ""exports"", ""expressed"", ""extended"", ""extension"", ""faced"", ""facilitate"", ""facilitation"", ""facilitations"", ""facilities"", ""fake"", ""fees"", ""fewer"", ""fines"", ""fiscal"", ""followed"", ""follows"", ""forced"", ""forgotten"", ""forms"", ""forwarders"", ""framework"", ""fraud"", ""freight"", ""fulfil"", ""fulfilled"", ""fulfilment"", ""functioning"", ""gained"", ""given"", ""got"", ""granted"", ""granting"", ""graph"", ""graphs"", ""guarantees"", ""guidance"", ""handled"", ""handling"", ""handover"", ""has"", ""having"", ""heijmann"", ""higher"", ""holder"", ""holders"", ""holds"", ""hub"", ""hubs"", ""i.e"", ""ia"", ""identical"", ""identifies"", ""illogical"", ""implementation"", ""implicit"", ""importers"", ""importer’s"", ""imports"", ""improvements"", ""incoming"", ""incomplete"", ""incomprehensible"", ""increased"", ""incurred"", ""incurring"", ""indicates"", ""individually"", ""infringement"", ""infringements"", ""innovations"", ""insofar"", ""inspection"", ""intensive"", ""inter"", ""interests"", ""interfaces"", ""interim"", ""intermediaries"", ""internationally"", ""intervention"", ""introduced"", ""introducing"", ""invalidation"", ""invoices"", ""irregularities"", ""irrespective"", ""is"", ""issuers"", ""issuing"", ""jeopardise"", ""junctions"", ""justified"", ""keepers"", ""keeping"", ""keeps"", ""labour"", ""laid"", ""lawyers"", ""leaving"", ""led"", ""legislation"", ""liability"", ""liable"", ""licences"", ""lifted"", ""limiting"", ""linked"", ""linking"", ""loading"", ""lodge"", ""logic"", ""logistics"", ""longer"", ""losers"", ""made"", ""maintained"", ""makes"", ""making"", ""managed"", ""mandatory"", ""manufacturer"", ""materialise"", ""meantime"", ""meets"", ""mentioned"", ""messages"", ""micro"", ""millions"", ""mode"", ""modelling"", ""monitoring"", ""moreover"", ""movements"", ""multinational"", ""mutual"", ""necessity"", ""needed"", ""needs"", ""newly"", ""non"", ""nonfinancial"", ""nonfiscal"", ""notably"", ""notes"", ""notification"", ""noting"", ""novelty"", ""number"", ""objects"", ""obligations"", ""obstacles"", ""obtaining"", ""offers"", ""onward"", ""operating"", ""operations"", ""operators"", ""opportunities"", ""opt"", ""opted"", ""options"", ""organisation"", ""others"", ""outgoing"", ""overarching"", ""overstated"", ""p."", ""para"", ""parliament"", ""participation"", ""parties"", ""partnership"", ""passports"", ""payments"", ""periodic"", ""periodically"", ""permissible"", ""permitted"", ""persons"", ""peters"", ""placed"", ""places"", ""platforms"", ""points"", ""possibilities"", ""postal"", ""practicality"", ""pre"", ""preference"", ""preferential"", ""premises"", ""prescribed"", ""presented"", ""presents"", ""prevented"", ""prior"", ""privileged"", ""procedures"", ""proceedings"", ""processes"", ""produced"", ""productive"", ""products"", ""profitability"", ""progressively"", ""prohibitions"", ""proportion"", ""proportionate"", ""proposals"", ""proposed"", ""proposes"", ""proved"", ""provided"", ""provider"", ""providers"", ""provides"", ""providing"", ""provision"", ""provisions"", ""purposes"", ""pushed"", ""putting"", ""questionable"", ""questioned"", ""questions"", ""quota"", ""r"", ""raised"", ""reasons"", ""reassess"", ""recitals"", ""recognition"", ""records"", ""reduced"", ""reducing"", ""references"", ""referred"", ""refers"", ""reflects"", ""reform"", ""reformed"", ""refund"", ""refunds"", ""regardless"", ""regime"", ""registered"", ""regulations"", ""rejected"", ""rejection"", ""relating"", ""released"", ""releasing"", ""reliability"", ""remains"", ""reminds"", ""removing"", ""replacement"", ""replacing"", ""reporting"", ""representation"", ""representatives"", ""represented"", ""reputable"", ""reputational"", ""requests"", ""required"", ""requirements"", ""requires"", ""resources"", ""responds"", ""restriction"", ""restrictions"", ""restrictive"", ""reviews"", ""revisions"", ""rightly"", ""risks"", ""rules"", ""scenario"", ""scheme"", ""scope"", ""seals"", ""seems"", ""seen"", ""selective"", ""services"", ""sharing"", ""shown"", ""simpler"", ""simplification"", ""simplifications"", ""simplified"", ""sized"", ""smes"", ""sought"", ""specialised"", ""specification"", ""spent"", ""standards"", ""states"", ""sub"", ""submitted"", ""submitting"", ""subsequent"", ""subtracting"", ""sufficient"", ""summarised"", ""supervision"", ""supplementary"", ""supplemented"", ""suppliers"", ""supporting"", ""surveillance"", ""suspensive"", ""suspicious"", ""systems"", ""t&c"", ""t&c."", ""t&cs"", ""taken"", ""takes"", ""taking"", ""tap"", ""tariff"", ""tasks"", ""taxes"", ""territory"", ""thereby"", ""tools"", ""towards"", ""tracking"", ""trader"", ""traders"", ""trading"", ""transaction"", ""transferred"", ""transitional"", ""transmission"", ""transmit"", ""transmitted"", ""transmitting"", ""transparency"", ""transparent"", ""treated"", ""triggering"", ""trusted"", ""trustworthy"", ""types"", ""ucc"", ""unavailability"", ""uncertainty"", ""underlying"", ""understated"", ""unloading"", ""usage"", ""using"", ""vat"", ""violations"", ""waiver"", ""warehouse"", ""warehousing"", ""was"", ""ways"", ""weeding"", ""welcomed"", ""were"", ""wider"", ""withdraw"", ""withdrawn"", ""words"", ""workload"", ""wouldn't"", ""years"", ""’s""]"
expert_10.txt,expert,1951,846,270,0,81,754,0.0726,0.572,"[""'s"", ""25th"", ""academy"", ""achieving"", ""activities"", ""additionally"", ""administrations"", ""administrative"", ""admission"", ""adoption"", ""advantages"", ""advocate"", ""aeo"", ""aeoc"", ""aeos"", ""affidavit"", ""agencies"", ""agents"", ""agreements"", ""agriculture"", ""airlines"", ""align"", ""aligning"", ""alignment"", ""alleged"", ""alliance"", ""allowing"", ""ambitious"", ""america"", ""an"", ""announced"", ""appealed"", ""applicants"", ""applications"", ""applying"", ""approaches"", ""are"", ""argentina"", ""arguing"", ""arising"", ""asia"", ""attractiveness"", ""audits"", ""authorisation"", ""authorisations"", ""authorised"", ""authors"", ""aviation"", ""been"", ""begun"", ""benefits"", ""biggest"", ""bolivia"", ""bonded"", ""brazil"", ""brazilian"", ""brokers"", ""brought"", ""calculations"", ""canada"", ""cargo"", ""carried"", ""carriers"", ""ccrm"", ""certificate"", ""certificates"", ""certification"", ""certified"", ""challenges"", ""changes"", ""channels"", ""checked"", ""chile"", ""china"", ""claiming"", ""clarify"", ""classification"", ""cleared"", ""colombia"", ""commercially"", ""companies"", ""comparable"", ""complementary"", ""compliance"", ""comply"", ""comprehensive"", ""comprising"", ""concluding"", ""conclusions"", ""conditions"", ""confirmation"", ""conformity"", ""consists"", ""consultations"", ""consultative"", ""contamination"", ""continues"", ""cooperation"", ""costa"", ""countries"", ""counts"", ""cources"", ""customers"", ""days"", ""declaration"", ""declarations"", ""declared"", ""dedicated"", ""defence"", ""demonstrating"", ""denied"", ""depositaries"", ""depositories"", ""designed"", ""determination"", ""developed"", ""developing"", ""developments"", ""differences"", ""disclosure"", ""dispensing"", ""diversity"", ""documentation"", ""documents"", ""dominican"", ""drops"", ""dynamics"", ""e.g"", ""easier"", ""editorial"", ""eduardo"", ""efficiently"", ""encouragingly"", ""establishing"", ""etc"", ""eu"", ""europe"", ""european"", ""evaluation"", ""evolve"", ""evolving"", ""examples"", ""exempt"", ""exemption"", ""exporters"", ""exports"", ""extension"", ""facing"", ""familiarise"", ""follows"", ""formally"", ""formulas"", ""forum"", ""forwarders"", ""founder"", ""framework"", ""frameworks"", ""freight"", ""granted"", ""guatemala"", ""had"", ""handled"", ""harmonised"", ""has"", ""highlighted"", ""holding"", ""hong"", ""i.e"", ""ii"", ""iii"", ""illicit"", ""ilona"", ""implementation"", ""implemented"", ""implementing"", ""imported"", ""importers"", ""imports"", ""includes"", ""independently"", ""indicators"", ""insights"", ""inspections"", ""integrated"", ""integrates"", ""integration"", ""interconnected"", ""interference"", ""intermediary"", ""involves"", ""irregularities"", ""is"", ""israel"", ""israeli"", ""issues"", ""justified"", ""kong"", ""korea"", ""kyryievskyi"", ""launched"", ""laws"", ""legislation"", ""legislative"", ""legitimate"", ""leite"", ""licence"", ""looking"", ""made"", ""maintaining"", ""mainteaining"", ""managing"", ""mandatory"", ""mathematical"", ""matures"", ""mechanism"", ""medicines"", ""meets"", ""members"", ""mentioned"", ""mercosur"", ""metrology"", ""mexico"", ""ministries"", ""mishchenko"", ""modalities"", ""modality"", ""modernise"", ""modes"", ""module"", ""modules"", ""months"", ""mra"", ""mras"", ""mutual"", ""names"", ""negotiated"", ""negotiating"", ""non"", ""number"", ""obligations"", ""obtained"", ""obtaining"", ""odesa"", ""offering"", ""oleg"", ""omer"", ""operational"", ""operators"", ""organisation"", ""others"", ""overview"", ""pacific"", ""paid"", ""paraguay"", ""partially"", ""participants"", ""participating"", ""participation"", ""partnerships"", ""penalise"", ""performed"", ""personnel"", ""peru"", ""phd"", ""points"", ""ports"", ""pre"", ""presented"", ""preventing"", ""prioritised"", ""procedural"", ""procedures"", ""proceedings"", ""proceeds"", ""processes"", ""processing"", ""products"", ""programme"", ""programmes"", ""promised"", ""promises"", ""qualifications"", ""received"", ""recognition"", ""records"", ""redex"", ""reduced"", ""reducing"", ""reflecting"", ""reflects"", ""reform"", ""regarding"", ""regime"", ""registered"", ""registration"", ""regulations"", ""regulatory"", ""rejected"", ""remained"", ""remains"", ""represented"", ""republic"", ""required"", ""requirements"", ""requiring"", ""respectively"", ""revenue"", ""revised"", ""rica"", ""rules"", ""russia"", ""satisfactory"", ""scope"", ""secex"", ""secretariat"", ""seeing"", ""selected"", ""selections"", ""seminars"", ""serbia"", ""shipments"", ""showed"", ""shows"", ""signed"", ""simplifications"", ""simplified"", ""slows"", ""solvency"", ""stages"", ""standards"", ""started"", ""states"", ""statistics"", ""steps"", ""streamline"", ""streamlined"", ""strengthen"", ""strengthens"", ""submitting"", ""sufficient"", ""surveillance"", ""suspended"", ""suspension"", ""systems"", ""t&c"", ""tailored"", ""taiwan"", ""taking"", ""testament"", ""took"", ""toys"", ""traders"", ""trading"", ""transaction"", ""transporters"", ""trends"", ""trusted"", ""types"", ""ukraine"", ""ukrainian"", ""uncertainties"", ""undergo"", ""undergoing"", ""underlines"", ""undoubtedly"", ""updates"", ""upheld"", ""uruguay"", ""usa"", ""using"", ""valid"", ""verification"", ""verified"", ""viability"", ""voluntary"", ""wagner"", ""warehouses"", ""was"", ""waterway"", ""ways"", ""wco"", ""were"", ""works"", ""years"", ""’s""]"
expert_11.txt,expert,970,504,134,0,34,298,0.0533,0.6577,"[""abreast"", ""adhered"", ""advised"", ""altered"", ""amendments"", ""an"", ""are"", ""audit"", ""auspices"", ""authorities"", ""b.v."", ""bills"", ""blocs"", ""bolster"", ""bound"", ""brings"", ""bug"", ""businesses"", ""came"", ""cargo"", ""carried"", ""certificate"", ""clarification"", ""clarifications"", ""clarify"", ""clarity"", ""cleared"", ""closer"", ""compliance"", ""compliant"", ""composition"", ""concrete"", ""considered"", ""consigned"", ""consignee"", ""consignment"", ""consignments"", ""contractual"", ""costs"", ""countries"", ""crafting"", ""created"", ""customers"", ""declaration"", ""demonstrating"", ""destinations"", ""developments"", ""documentation"", ""documents"", ""does"", ""emerging"", ""enters"", ""eu"", ""evfta"", ""execution"", ""exporting"", ""expressly"", ""factual"", ""fastest"", ""fta"", ""ftas"", ""going"", ""growing"", ""guidance"", ""has"", ""hydraulic"", ""hypothetical"", ""i.e"", ""immense"", ""impart"", ""imported"", ""importer/"", ""importers"", ""importing"", ""inconsistencies"", ""infancy"", ""invoices"", ""is"", ""issued"", ""issues"", ""lading"", ""largest"", ""legislation"", ""lists"", ""logistics"", ""longer"", ""made"", ""manipulation"", ""manufacturing"", ""marking"", ""modifications"", ""moves"", ""netherlands"", ""non"", ""noted"", ""noteworthy"", ""numbering"", ""orders"", ""others"", ""packages"", ""packing"", ""pages"", ""parties"", ""partnership"", ""parts"", ""points"", ""powerhouse"", ""premier"", ""presented"", ""presses"", ""problems"", ""procedures"", ""protocol"", ""provided"", ""purchasing"", ""re"", ""reap"", ""reflecting"", ""refused"", ""remained"", ""remarks"", ""reputable"", ""requested"", ""required"", ""respective"", ""resulting"", ""results"", ""rewards"", ""rotterdam"", ""saw"", ""scenario"", ""se"", ""seeks"", ""selling"", ""sent"", ""sets"", ""shield"", ""shipments"", ""shipped"", ""shipping"", ""singapore"", ""smoothly"", ""spare"", ""specified"", ""splitting"", ""statements"", ""states"", ""streamline"", ""sufficient"", ""taken"", ""territory"", ""tools"", ""traceable"", ""trading"", ""transiting"", ""transshipment"", ""undoubtedly"", ""unloaded"", ""updates"", ""using"", ""v5"", ""vietnam"", ""were"", ""wisely"", ""workaround"", ""years"", ""’s""]"
expert_12.txt,expert,2130,950,372,0,95,713,0.0719,0.6207,"[""1990s"", ""absence"", ""abuse"", ""accede"", ""accelerate"", ""accepting"", ""accession"", ""according"", ""acquis"", ""actions"", ""activities"", ""acts"", ""adapted"", ""additionally"", ""addresses"", ""administrations"", ""aeo"", ""agreements"", ""alignment"", ""allocating"", ""allows"", ""alongside"", ""an"", ""analog"", ""analyses"", ""appears"", ""applicant"", ""applicants"", ""applications"", ""applying"", ""approaches"", ""approximated"", ""approximation"", ""are"", ""armenia"", ""arrangements"", ""aspects"", ""assistance"", ""attempts"", ""attractiveness"", ""authorities"", ""authorizations"", ""authorized"", ""automated"", ""azerbaijan"", ""becoming"", ""been"", ""belarus"", ""broader"", ""brought"", ""businesses"", ""c"", ""cabinet"", ""calculating"", ""calculation"", ""capacities"", ""cases"", ""caused"", ""cefta"", ""centre"", ""challenges"", ""chd"", ""checked"", ""checkpoints"", ""co"", ""coefficients"", ""coercive"", ""compatibility"", ""compatible"", ""complementing"", ""compliance"", ""complicity"", ""comprised"", ""comprises"", ""computerisation"", ""computerization"", ""computerized"", ""concerning"", ""concerns"", ""conclusions"", ""conditions"", ""confirming"", ""conformity"", ""connecting"", ""considering"", ""consignee"", ""consignees"", ""consignor"", ""consists"", ""contracting"", ""contrary"", ""contributes"", ""convention"", ""conventional"", ""conventions"", ""countries"", ""counts"", ""covers"", ""cpma"", ""criteria"", ""declarants"", ""declarations"", ""dedicated"", ""defines"", ""delayed"", ""delays"", ""demands"", ""deployed"", ""deploying"", ""deployment"", ""derive"", ""developed"", ""developing"", ""dg"", ""differentiation"", ""difficulties"", ""directorate"", ""discontinue"", ""discontinuing"", ""distorted"", ""divided"", ""documents"", ""ea"", ""ec"", ""ee"", ""efta"", ""emergence"", ""emphasised"", ""eni"", ""eni/2017/040"", ""ensuring"", ""envisages"", ""ets"", ""eu"", ""eu4pfm"", ""eurasian"", ""european"", ""evaluation"", ""excessively"", ""existing"", ""extending"", ""extension"", ""extensive"", ""faced"", ""factors"", ""financed"", ""fiscal"", ""formalities"", ""formally"", ""framework"", ""fraud"", ""freed"", ""fulfilling"", ""functioning"", ""funded"", ""georgia"", ""given"", ""got"", ""governing"", ""granted"", ""granting"", ""guarantees"", ""guaranties"", ""harmonized"", ""has"", ""i.e"", ""ideas"", ""identification"", ""im"", ""implement"", ""implementation"", ""implementing"", ""importantly"", ""imported"", ""imports"", ""includes"", ""influenced"", ""influencing"", ""inspector-2006"", ""institutional"", ""instrumental"", ""instruments"", ""integrated"", ""integration"", ""intentions"", ""interconnection"", ""interconnections"", ""interests"", ""interfaces"", ""internationaux"", ""involving"", ""irrespectively"", ""is"", ""issued"", ""issues"", ""iteration"", ""jointly"", ""known"", ""legislation"", ""legislative"", ""levels"", ""liberal"", ""lithuania"", ""localization"", ""localized"", ""lodge"", ""lodged"", ""made"", ""makers"", ""makes"", ""making"", ""managed"", ""manages"", ""managing"", ""messages"", ""met"", ""methodology"", ""ministers"", ""ministry"", ""modernisation"", ""modules"", ""moldova"", ""moreover"", ""motivation"", ""multilateral"", ""mutual"", ""ncts"", ""neighbourhood"", ""neighbouring"", ""newly"", ""non"", ""number"", ""obligations"", ""offices"", ""officials"", ""operational"", ""outcomes"", ""overlapping"", ""paperless"", ""para"", ""parties"", ""partnership"", ""peculiarities"", ""performing"", ""phases"", ""piloting"", ""placing"", ""planned"", ""plans"", ""plays"", ""policies"", ""portal"", ""potentially"", ""pre"", ""precise"", ""preconditions"", ""predictable"", ""preliminary"", ""premises"", ""presenting"", ""primarily"", ""problems"", ""procedures"", ""processes"", ""procure"", ""programme"", ""programmes"", ""programs"", ""projects"", ""proportionally"", ""provided"", ""provides"", ""provision"", ""pursuing"", ""questions"", ""reaching"", ""readiness"", ""realities"", ""received"", ""recourses"", ""reduces"", ""regimes"", ""registered"", ""regulative"", ""remarkable"", ""republic"", ""requirements"", ""respective"", ""resulted"", ""reveals"", ""revenue"", ""rigorous"", ""rollout"", ""routiers"", ""rules"", ""said"", ""selected"", ""services"", ""sets"", ""showing"", ""shows"", ""sida"", ""signed"", ""simplification"", ""simplifications"", ""skip"", ""solutions"", ""solvency"", ""sources"", ""stages"", ""standards"", ""states"", ""statuses"", ""steps"", ""streaming"", ""submission"", ""submitting"", ""subsequent"", ""suitableness"", ""supporting"", ""supposed"", ""supranational"", ""swedish"", ""systems"", ""t1ua"", ""tasks"", ""taxation"", ""taxud"", ""tc"", ""telecommunication"", ""tendency"", ""terms"", ""territory"", ""tested"", ""tir"", ""towards"", ""trader"", ""traders"", ""transitioning"", ""transports"", ""triggers"", ""twinning"", ""types"", ""ukraine"", ""ukrainian"", ""upgraded"", ""usage"", ""utilization"", ""utilized"", ""utilizes"", ""utilizing"", ""validation"", ""vehicles"", ""visits"", ""voluntarily"", ""vulnerability"", ""was"", ""were"", ""withdrawing"", ""’s""]"
expert_13.txt,expert,2929,1516,444,0,199,770,0.1015,0.6692,"[""'s"", ""14th"", ""57(3"", ""744.6(b"", ""85(1"", ""86(3"", ""a."", ""academy"", ""acceptance"", ""accordance"", ""according"", ""accounting"", ""achieving"", ""acquiring"", ""actions"", ""activities"", ""administrative"", ""aduaneiras"", ""advantages"", ""advisable"", ""advocate"", ""aeo"", ""allows"", ""alternatives"", ""amended"", ""an"", ""analyse"", ""annette"", ""answered"", ""antov"", ""applicable"", ""applied"", ""applying"", ""are"", ""areas"", ""argentina"", ""asked"", ""aspects"", ""ata"", ""audits"", ""authorisations"", ""authorities"", ""authors"", ""avoiding"", ""aw"", ""awb"", ""b"", ""barriers"", ""been"", ""belgium"", ""believes"", ""beneficial"", ""benefits"", ""besuspariene"", ""bis"", ""brazil"", ""bringing"", ""brought"", ""bulgaria"", ""bureau"", ""businesses"", ""calculating"", ""calculation"", ""called"", ""cargo"", ""carnet"", ""cars"", ""cases"", ""caused"", ""challenges"", ""changes"", ""china"", ""christelle"", ""circuits"", ""circulation"", ""circumstances"", ""citizens"", ""claims"", ""classification"", ""classified"", ""combined"", ""comes"", ""comical"", ""commerce"", ""commitments"", ""companies"", ""compared"", ""comply"", ""conducted"", ""confiscate"", ""consequences"", ""considered"", ""considering"", ""considers"", ""consists"", ""constitute"", ""consultant"", ""contains"", ""contracts"", ""contractual"", ""convention"", ""correspondence"", ""corresponding"", ""costs"", ""countries"", ""cpd"", ""criteria"", ""cursos"", ""custax"", ""d."", ""days"", ""declaration"", ""defined"", ""defines"", ""denial"", ""denies"", ""depends"", ""describes"", ""destined"", ""determines"", ""determining"", ""disagrees"", ""discharging"", ""disclosure"", ""discussed"", ""documents"", ""does"", ""dr"", ""dubouchet"", ""duties"", ""e"", ""e.g"", ""economics"", ""eduardo"", ""emphasised"", ""employing"", ""encompass"", ""enrika"", ""entries"", ""equivalent"", ""erika"", ""errors"", ""established"", ""etc"", ""eu"", ""european"", ""euros"", ""examined"", ""excise"", ""experts"", ""exported"", ""exports"", ""extended"", ""extension"", ""extraterritorial"", ""facilitating"", ""factors"", ""fashioned"", ""fees"", ""fines"", ""firstly"", ""flows"", ""followed"", ""forma"", ""formalisation"", ""forth"", ""france"", ""fraud"", ""gained"", ""generalising"", ""german"", ""germany"", ""gottifredi"", ""guarantees"", ""has"", ""higher"", ""highlighted"", ""hopes"", ""ignored"", ""implementing"", ""implicates"", ""imported"", ""importing"", ""imports"", ""improving"", ""increased"", ""incurred"", ""infringements"", ""insights"", ""inspection"", ""integrated"", ""interruption"", ""invented"", ""invoice"", ""involves"", ""irrelevant"", ""is"", ""israel"", ""israeli"", ""issued"", ""issues"", ""items"", ""keeps"", ""kept"", ""knowing"", ""lading"", ""laws"", ""lawsuit"", ""legislation"", ""leite"", ""liability"", ""limitation"", ""linked"", ""lithuania"", ""lithuanian"", ""looks"", ""lux"", ""magnus"", ""managed"", ""managing"", ""manufacture"", ""maria"", ""measures"", ""mentioned"", ""mentions"", ""michael"", ""minimise"", ""missed"", ""mitigate"", ""mitigating"", ""mitigation"", ""modification"", ""momchil"", ""months"", ""moved"", ""namely"", ""naujokė"", ""needed"", ""nettes`globaltrade"", ""nomenclature"", ""non"", ""noted"", ""noting"", ""number"", ""omer"", ""opinions"", ""options"", ""ordinance"", ""others"", ""outlined"", ""packing"", ""paid"", ""paperwork"", ""partners"", ""parts"", ""payable"", ""paying"", ""payments"", ""pays"", ""penalties"", ""performed"", ""persons"", ""pillars"", ""placed"", ""possibilities"", ""powers"", ""practitioners"", ""prax"", ""preference"", ""preferential"", ""premises"", ""presented"", ""pro"", ""procedure(s"", ""procedures"", ""processed"", ""processing"", ""producing"", ""professionals"", ""programme"", ""prohibitions"", ""promoted"", ""provisions"", ""purposes"", ""pursuant"", ""pwc"", ""quota"", ""quotations"", ""raised"", ""re"", ""records"", ""reductions"", ""referring"", ""refunded"", ""regulated"", ""regulations"", ""reiser"", ""rejection"", ""relating"", ""released"", ""releasing"", ""reporting"", ""reports"", ""required"", ""requirements"", ""requires"", ""resell"", ""responsibilities"", ""restrictions"", ""returned"", ""rinnert"", ""risks"", ""rules"", ""said"", ""sanctions"", ""sandra"", ""saved"", ""semiconductors"", ""services"", ""servicing"", ""shared"", ""shipment"", ""shipping"", ""shorter"", ""signed"", ""simplifications"", ""simplifications/"", ""solvency"", ""specified"", ""stages"", ""starts"", ""steps"", ""stipulates"", ""storage"", ""stored"", ""subdivision"", ""subheading"", ""subsequently"", ""suspension/"", ""switzerland"", ""systems"", ""t1"", ""talked"", ""tariff"", ""tariffs"", ""taxation"", ""taxes"", ""temporarily"", ""territorial"", ""territory"", ""tips"", ""tools"", ""topics"", ""transferring"", ""transmission"", ""transmitting"", ""treated"", ""treinamentos"", ""tsenov"", ""ucc"", ""unaware"", ""underestimated"", ""using"", ""valuation"", ""vat"", ""versus"", ""voluntary"", ""vytautas"", ""wagner"", ""wants"", ""warehousing"", ""wars"", ""was"", ""ways"", ""were"", ""works"", ""wto"", ""’s""]"
expert_14.txt,expert,1702,785,240,0,41,636,0.04,0.6022,"[""'s"", ""8-digit"", ""accize"", ""according"", ""actions"", ""added"", ""addressed"", ""addresses"", ""adl"", ""adopted"", ""advances"", ""agenzia"", ""aims"", ""al"", ""alka"", ""allocation"", ""alloy"", ""amazon"", ""american"", ""amsterdam"", ""analyses"", ""analyzed"", ""applied"", ""applying"", ""are"", ""areas"", ""argumentation"", ""arising"", ""arose"", ""assessed"", ""assessments"", ""automated"", ""autoritatea"", ""avoidance"", ""baltic"", ""been"", ""belonging"", ""binding"", ""broader"", ""bti"", ""btis"", ""bucurești"", ""bv"", ""c-199/09"", ""c-286/15"", ""c-291/11"", ""c-35/93"", ""c-382/09"", ""c-450/12"", ""c-635/13"", ""cables"", ""carried"", ""cases"", ""categories"", ""challenges"", ""chapters"", ""characteristics"", ""chosen"", ""cjeu"", ""classification"", ""classified"", ""classifying"", ""cn"", ""co"", ""codes"", ""coincides"", ""collisions"", ""combined"", ""comparative"", ""complexity"", ""concluded"", ""conclusions"", ""conditions"", ""confirmed"", ""considered"", ""considering"", ""consistently"", ""consisting"", ""copying"", ""countries"", ""courts"", ""dataline"", ""defines"", ""definitions"", ""delle"", ""dell’agenzia"", ""depends"", ""described"", ""determining"", ""di"", ""dienests"", ""directions"", ""direcţia"", ""direcția"", ""disputes"", ""dividing"", ""doctrine"", ""documents"", ""does"", ""dogane"", ""dr"", ""duisburg"", ""duties"", ""e."", ""e.g"", ""eec"", ""eisbein"", ""elements"", ""emergence"", ""emphasized"", ""empirical"", ""ensuring"", ""essence"", ""establishment"", ""et"", ""eu"", ""europe"", ""european"", ""evidenced"", ""examined"", ""exists"", ""expertise"", ""explained"", ""explanations"", ""explanatory"", ""factors"", ""features"", ""federative"", ""financiën"", ""finanţelor"", ""freight"", ""g."", ""galați"", ""gavier"", ""generală"", ""germany"", ""gmbh"", ""governing"", ""grades"", ""gāze"", ""hannover"", ""hark"", ""harmonized"", ""has"", ""hauptzollamt"", ""having"", ""heading"", ""headings"", ""hereinafter"", ""heterogeneous"", ""heterogenous"", ""higher"", ""highlighted"", ""homogeneous"", ""hsens"", ""i."", ""i.e"", ""ieņēmumu"", ""implementation"", ""imported"", ""importers"", ""inappropriate"", ""incomplete"", ""incorrect"", ""increasing"", ""inequality"", ""initiated"", ""interpretation"", ""interpretations"", ""involves"", ""is"", ""issues"", ""issuing"", ""italia"", ""javorcik"", ""judicial"", ""jurisprudence"", ""kachelofenbau"", ""kamin"", ""kg"", ""krefeld"", ""latvia"", ""latvijas"", ""laurinavičius"", ""liberal"", ""linguistic"", ""lithuania"", ""logistics"", ""machines"", ""made"", ""met"", ""milano"", ""mixtures"", ""municipiului"", ""namely"", ""narciso"", ""națională"", ""nomenclature"", ""noted"", ""notes"", ""number"", ""observed"", ""operațiuni"", ""originating"", ""panasonic"", ""para"", ""parts"", ""payable"", ""pentru"", ""poses"", ""practices"", ""presents"", ""primarily"", ""problems"", ""products"", ""properties"", ""propāna"", ""provision"", ""publice"", ""questioned"", ""questions"", ""rauch"", ""reasons"", ""receives"", ""reflected"", ""regională"", ""regulates"", ""regulations"", ""reiterated"", ""remains"", ""repeatedly"", ""republic"", ""requires"", ""rohm"", ""ropes"", ""rovetta"", ""rules"", ""sc"", ""scerni"", ""schenker"", ""sections"", ""semiconductor"", ""settlement"", ""sia"", ""significance"", ""sources"", ""spa"", ""srl"", ""staatssecretaris"", ""stainless"", ""standards"", ""states"", ""statistical"", ""stils"", ""stressed"", ""studies"", ""stuttgart"", ""subheading"", ""supported"", ""sàrl"", ""tariff"", ""technological"", ""territory"", ""theoretical"", ""tnt"", ""tools"", ""types"", ""ucc"", ""ufficio"", ""und"", ""understood"", ""universal"", ""v."", ""valantiejus"", ""valsts"", ""vamale"", ""vermulst"", ""verona"", ""vămilor"", ""was"", ""wco"", ""were"", ""years"", ""și"", ""’s""]"
expert_15.txt,expert,1786,888,321,0,101,476,0.0835,0.6769,"[""'s"", ""accordance"", ""according"", ""accreditation"", ""accreditations"", ""accredited"", ""acts"", ""administered"", ""administrative"", ""admissibility"", ""adopted"", ""allocation"", ""amounts"", ""an"", ""analogous"", ""analysed"", ""analyses"", ""analyst"", ""applied"", ""applies"", ""applying"", ""are"", ""arises"", ""assessed"", ""assessing"", ""authorized"", ""been"", ""believed"", ""burden"", ""calculated"", ""carried"", ""cases"", ""certification"", ""certified"", ""challenged"", ""characteristics"", ""circumstances"", ""clarification"", ""clarify"", ""classification"", ""classified"", ""classify"", ""classifying"", ""cn"", ""codes"", ""combined"", ""competence"", ""completeness"", ""compliance"", ""composition"", ""comprehensiveness"", ""concerning"", ""concluded"", ""concluding"", ""conclusions"", ""conditions"", ""confirmed"", ""consequently"", ""consignment"", ""consistency"", ""countries"", ""courts"", ""creates"", ""criteria"", ""decisions"", ""denied"", ""determination"", ""determining"", ""disagreeing"", ""discrepancies"", ""dispute"", ""disputes"", ""documents"", ""does"", ""earlier"", ""eliminated"", ""entities"", ""entity"", ""errors"", ""essence"", ""establishes"", ""eu"", ""european"", ""evidentiary"", ""examined"", ""executing"", ""explanations"", ""extensive"", ""findings"", ""followed"", ""follows"", ""formulated"", ""functions"", ""given"", ""gives"", ""granted"", ""greater"", ""happens"", ""has"", ""heading"", ""hence"", ""hereinafter"", ""i.e"", ""identical"", ""impartial"", ""implementing"", ""incorrectly"", ""instances"", ""institutions"", ""integrated"", ""interpretation"", ""is"", ""laboratories"", ""largest"", ""latter"", ""legally"", ""likelihood"", ""lithuania"", ""lithuanian"", ""measures"", ""mentioned"", ""motivate"", ""moving"", ""namely"", ""nomenclature"", ""nomenclatures"", ""non"", ""noted"", ""ones"", ""organizations"", ""outweigh"", ""pending"", ""performed"", ""performs"", ""positions"", ""precondition"", ""presented"", ""principles"", ""properties"", ""protocol"", ""provided"", ""provides"", ""provision"", ""provisions"", ""purposes"", ""reasons"", ""rebut"", ""rebuttal"", ""rebutted"", ""recognizes"", ""recommendations"", ""reduced"", ""referred"", ""refute"", ""regarding"", ""remains"", ""remarks"", ""republic"", ""required"", ""requirements"", ""requires"", ""resolution"", ""resolving"", ""results"", ""revealed"", ""rules"", ""ruling"", ""said"", ""seeks"", ""selected"", ""sets"", ""shows"", ""significance"", ""situations"", ""subdivisions"", ""subheadings"", ""submission"", ""substantial"", ""supreme"", ""taric"", ""tariff"", ""taxes"", ""taxpayer"", ""testing"", ""tests"", ""thereon"", ""things"", ""transferring"", ""understood"", ""unresolved"", ""validity"", ""verify"", ""was"", ""were"", ""wider"", ""wording"", ""’s""]"
expert_16.txt,expert,772,399,119,0,25,229,0.0483,0.671,"[""10-digit"", ""12th"", ""1st"", ""an"", ""are"", ""areas"", ""arriving"", ""assigned"", ""authorised"", ""authors"", ""avoiding"", ""awareness"", ""benefits"", ""biggest"", ""certainty"", ""challenges"", ""checks"", ""circulars"", ""classification"", ""classifications"", ""classifying"", ""clients"", ""codes"", ""commodities"", ""commodity"", ""compiled"", ""compliance"", ""concerning"", ""consistency"", ""consists"", ""controlled"", ""corresponding"", ""courses"", ""creates"", ""customers"", ""dashes"", ""database"", ""dealing"", ""declaration"", ""declaring"", ""determining"", ""developed"", ""digit"", ""doing"", ""duty/"", ""e.g"", ""employees"", ""ensures"", ""ensuring"", ""entitles"", ""expanding"", ""export/"", ""fits"", ""franca"", ""functions"", ""generic"", ""given"", ""harmonised"", ""has"", ""heading"", ""headings"", ""hs"", ""imposed"", ""incorrect"", ""insufficient"", ""internationally"", ""interpretative"", ""is"", ""issued"", ""lastly"", ""lingua"", ""listing"", ""making"", ""managing"", ""manufacturer"", ""mechanism"", ""members"", ""mentioned"", ""mitigating"", ""moreover"", ""mutual"", ""nations"", ""non"", ""notes"", ""notices"", ""offence"", ""partners"", ""parts"", ""penalties"", ""periodically"", ""practices"", ""predictability"", ""prior"", ""procedures"", ""products"", ""provided"", ""provides"", ""recognition"", ""reduces"", ""regarding"", ""relates"", ""relations"", ""replaced"", ""required"", ""requirements"", ""requires"", ""requiring"", ""results"", ""reviews"", ""risks"", ""rules"", ""ruling"", ""rulings"", ""savings"", ""seventh"", ""specified"", ""sub"", ""submitting"", ""substances"", ""suggested"", ""supplier"", ""suppliers"", ""systematic"", ""tailored"", ""tariff"", ""taxes"", ""tollkit"", ""toolkit"", ""traders"", ""trading"", ""updated"", ""verify"", ""was"", ""years""]"
expert_17.txt,expert,258,111,46,0,15,86,0.0955,0.6085,"[""+"", ""accessible"", ""accomplishing"", ""acts"", ""added"", ""an"", ""are"", ""attribution"", ""boundaries"", ""brought"", ""cc"", ""charged"", ""classification"", ""classified"", ""collected"", ""consumers"", ""does"", ""duties"", ""easiest"", ""encouraging"", ""encyclopedia"", ""european"", ""evade"", ""framing"", ""groups"", ""https://www.newworldencyclopedia.org/entry/tariff"", ""imported"", ""importing"", ""imports"", ""imposed"", ""industries"", ""interchangeably"", ""intro"", ""is"", ""known"", ""landed"", ""leaving"", ""levied"", ""levying"", ""making"", ""methods"", ""novice"", ""paid"", ""passing"", ""placed"", ""portion"", ""prices"", ""products"", ""purposes"", ""raising"", ""reusable"", ""revenue"", ""sa"", ""seeking"", ""serves"", ""smugglers"", ""stratum"", ""tariff"", ""tariffs"", ""taxation"", ""traders"", ""vat"", ""words""]"
novice_01.txt,novice,1044,592,111,0,20,321,0.0284,0.6734,"[""according"", ""airports"", ""allowance"", ""allowances"", ""allowed"", ""am"", ""amounts"", ""an"", ""applies"", ""are"", ""areas"", ""asked"", ""b"", ""been"", ""beverages"", ""bought"", ""brussels"", ""bulgaria"", ""called"", ""canary"", ""carrying"", ""cigarettes"", ""cigarillos"", ""cigars"", ""confiscated"", ""consumed"", ""contained"", ""countries"", ""croatia"", ""cuba"", ""depending"", ""drinks"", ""duties"", ""elements"", ""entering"", ""entitled"", ""estonia"", ""etc"", ""ethyl"", ""eu"", ""exceed"", ""excise"", ""exemption"", ""exemptions"", ""fortified"", ""friends"", ""g"", ""gin"", ""going"", ""grams"", ""greece"", ""guideline"", ""higher"", ""hungary"", ""imports"", ""indicated"", ""indicative"", ""individuals"", ""ireland"", ""is"", ""islands"", ""kg"", ""lanzarote"", ""latvia"", ""leaving"", ""limits"", ""lithuania"", ""litre"", ""litres"", ""mentioned"", ""motorised"", ""non"", ""packaged"", ""paid"", ""payments"", ""perfume"", ""poland"", ""portable"", ""ports"", ""preference"", ""presents"", ""producing"", ""products"", ""purchased"", ""purely"", ""quantities"", ""re"", ""regarded"", ""requested"", ""resale"", ""returning"", ""romania"", ""rules"", ""sherry"", ""shops"", ""slovakia"", ""sparkling"", ""spirits"", ""stricter"", ""sufficient"", ""swiss"", ""switzerland"", ""taxes"", ""territories"", ""thresholds"", ""tobacco"", ""transiting"", ""transported"", ""travellers"", ""travelling"", ""undenatured"", ""values"", ""vat"", ""visiting"", ""vodka"", ""vol"", ""weighing"", ""whiskey"", ""years"", ""€""]"
novice_02.txt,novice,652,388,76,0,13,175,0.028,0.7117,"[""allowances"", ""allowed"", ""an"", ""animals"", ""are"", ""been"", ""bought"", ""carrying"", ""cases"", ""centre"", ""cigarettes"", ""comes"", ""comply"", ""confiscation"", ""consumption"", ""contained"", ""countries"", ""currencies"", ""dairy"", ""declaration"", ""duties"", ""eggs"", ""endangered"", ""entering"", ""entitled"", ""equivalent"", ""established"", ""ethyl"", ""eu"", ""european"", ""excise"", ""faulty"", ""flowers"", ""foods"", ""fortified"", ""gin"", ""goes"", ""grown"", ""guarantees"", ""guideline"", ""guidelines"", ""honey"", ""incomplete"", ""incorrect"", ""indicated"", ""is"", ""kg"", ""leaving"", ""levels"", ""limits"", ""litre"", ""litres"", ""luggage"", ""made"", ""motoring"", ""non"", ""penalties"", ""perfume"", ""pests"", ""plants"", ""portable"", ""powdered"", ""products"", ""prosecution"", ""provided"", ""quantities"", ""reasons"", ""required"", ""resale"", ""restricted"", ""rights"", ""rules"", ""sent"", ""sherry"", ""sparkling"", ""spirits"", ""suitcase"", ""taking"", ""tobacco"", ""travellers"", ""travelling"", ""undenatured"", ""using"", ""values"", ""vat"", ""vegetables"", ""vodka"", ""vol"", ""warranties"", ""you’re"", ""€""]"
novice_03.txt,novice,652,388,76,0,13,175,0.028,0.7117,"[""allowances"", ""allowed"", ""an"", ""animals"", ""are"", ""been"", ""bought"", ""carrying"", ""cases"", ""centre"", ""cigarettes"", ""comes"", ""comply"", ""confiscation"", ""consumption"", ""contained"", ""countries"", ""currencies"", ""dairy"", ""declaration"", ""duties"", ""eggs"", ""endangered"", ""entering"", ""entitled"", ""equivalent"", ""established"", ""ethyl"", ""eu"", ""european"", ""excise"", ""faulty"", ""flowers"", ""foods"", ""fortified"", ""gin"", ""goes"", ""grown"", ""guarantees"", ""guideline"", ""guidelines"", ""honey"", ""incomplete"", ""incorrect"", ""indicated"", ""is"", ""kg"", ""leaving"", ""levels"", ""limits"", ""litre"", ""litres"", ""luggage"", ""made"", ""motoring"", ""non"", ""penalties"", ""perfume"", ""pests"", ""plants"", ""portable"", ""powdered"", ""products"", ""prosecution"", ""provided"", ""quantities"", ""reasons"", ""required"", ""resale"", ""restricted"", ""rights"", ""rules"", ""sent"", ""sherry"", ""sparkling"", ""spirits"", ""suitcase"", ""taking"", ""tobacco"", ""travellers"", ""travelling"", ""undenatured"", ""using"", ""values"", ""vat"", ""vegetables"", ""vodka"", ""vol"", ""warranties"", ""you’re"", ""€""]"
novice_04.txt,novice,427,174,95,0,16,142,0.0595,0.63,"[""\""[7"", ""'s"", ""according"", ""advantages"", ""american"", ""an"", ""are"", ""artificially"", ""backfiring"", ""barriers"", ""been"", ""besides"", ""burden"", ""chains"", ""citizens"", ""competing"", ""consensus"", ""consumer.[10"", ""consumers.[9"", ""consumption"", ""costs"", ""defeating"", ""deficit"", ""designed"", ""discourage"", ""dislocation"", ""disrupting"", ""distributed"", ""does"", ""dumping"", ""duties"", ""economist"", ""economists"", ""exceptionally"", ""exporters"", ""exports"", ""falls"", ""friedman"", ""gains"", ""growth.[2][3][4][5][6"", ""harming"", ""has"", ""historically"", ""imported"", ""imports"", ""imposed"", ""incentive"", ""industrialisation"", ""industrializing"", ""industries"", ""industry.[1"", ""infant"", ""input"", ""instruments"", ""is"", ""justified"", ""levied"", ""liberalisation"", ""losses"", ""lowering"", ""manipulation"", ""materials"", ""meant"", ""milton"", ""non"", ""paid"", ""prices"", ""producers"", ""products"", ""protectionism"", ""protective"", ""protects"", ""quotas"", ""raising"", ""rectify"", ""replacing"", ""retaliatory"", ""revenue"", ""rising"", ""safeguard"", ""said"", ""sectors,[8"", ""stimulate"", ""subsidies"", ""substitution"", ""supporters"", ""supranational"", ""tariff"", ""tariffs"", ""tariffs.[11][12"", ""territory"", ""unanimous"", ""unequally"", ""variable"", ""varies"", ""welfare"", ""were"", ""workers""]"
novice_06.txt,novice,1244,550,219,0,59,416,0.0767,0.6182,"[""2–3%2"", ""670–700"", ""accessible"", ""accountant"", ""acts"", ""added"", ""add‑ons"", ""african"", ""agreed"", ""american"", ""amounts"", ""an"", ""anti"", ""applied"", ""applies"", ""appropriately"", ""approx"", ""are"", ""aren’t"", ""arrives"", ""aud"", ""auditor"", ""australia"", ""averages"", ""b2c"", ""bahamas"", ""banner"", ""behalf"", ""borders"", ""boxes"", ""breakdown"", ""brokerage"", ""calculator"", ""called"", ""caught"", ""certificates"", ""charged"", ""charges"", ""cheaper"", ""classification"", ""code(s"", ""coins"", ""coming"", ""complexity"", ""compliance"", ""compliant"", ""considerations"", ""consumption"", ""costs"", ""countries"", ""covers"", ""cross‑border"", ""customers"", ""ddp"", ""ddu"", ""de"", ""default"", ""delayed"", ""delays"", ""delivered"", ""depends"", ""designed"", ""dhl"", ""documentation"", ""domestically"", ""don’t"", ""dramatically"", ""dumping"", ""duties"", ""duty‑free"", ""ease"", ""ended"", ""ensures"", ""european"", ""exceeds"", ""excise"", ""exemption"", ""expertise"", ""e‑commerce"", ""factors"", ""fees"", ""fewer"", ""fines"", ""flexibility"", ""flip"", ""frustrate"", ""gives"", ""globally"", ""governments"", ""growing"", ""gst"", ""has"", ""helping"", ""helps"", ""higher"", ""highest"", ""high‑tariff"", ""historically"", ""hs"", ""imported"", ""imports"", ""incorrect"", ""incoterms"", ""industries"", ""internationally"", ""invoices"", ""is"", ""items"", ""items1"", ""japan"", ""knowing"", ""known"", ""labels"", ""landed"", ""landed‑cost"", ""leaves"", ""leverage"", ""logistics"", ""lowest"", ""low‑tariff"", ""makes"", ""making"", ""margin"", ""markets"", ""maze"", ""meaningful"", ""minimis"", ""moving"", ""mygts"", ""navigate"", ""officials"", ""options"", ""overview"", ""packaging"", ""paid"", ""paperwork"", ""partnering"", ""paying"", ""pays"", ""permits"", ""preferential"", ""prices"", ""pricing"", ""produced"", ""producers"", ""products"", ""prohibited"", ""rates"", ""recognized"", ""regardless"", ""regions"", ""regulations"", ""released"", ""restricted"", ""restrictions"", ""revenue"", ""rules"", ""sales"", ""seller"", ""sellers"", ""separately"", ""services"", ""shipment"", ""shipments"", ""shipping"", ""ships"", ""sized"", ""smes"", ""smoothly"", ""soar"", ""sold"", ""states"", ""storage"", ""surprises"", ""switzerland"", ""tariff"", ""tariffs"", ""taxes"", ""tax‑free"", ""terms"", ""they’ll"", ""they’re"", ""threshold"", ""thresholds"", ""tobacco"", ""tools"", ""transparent"", ""tricky"", ""trusted"", ""types"", ""unfairly"", ""unpaid"", ""unwelcome"", ""upfront"", ""usd"", ""varies"", ""vat"", ""waybills"", ""we’ll"", ""you’ll"", ""you’re"", ""’s"", ""€""]"
novice_07.txt,novice,481,209,107,0,23,142,0.0728,0.657,"[""accounts"", ""agreements"", ""american"", ""an"", ""applied"", ""are"", ""australia"", ""barriers"", ""blanket"", ""brunei"", ""calculated"", ""calculating"", ""cambodia"", ""canada"", ""cases"", ""categories"", ""cbsa"", ""charged"", ""cheaper"", ""china"", ""comprehensive"", ""comprises"", ""countries"", ""donald"", ""duties"", ""enforced"", ""established"", ""factors"", ""imported"", ""imports"", ""imposed"", ""indonesia"", ""is"", ""japan"", ""known"", ""korea"", ""laos"", ""largest"", ""malaysia"", ""mentioned"", ""mexico"", ""mutually"", ""myanmar"", ""nafta"", ""number"", ""origins"", ""parties"", ""partnership"", ""passed"", ""penalize"", ""philippines"", ""places"", ""priced"", ""producers"", ""protects"", ""purposes"", ""rcep"", ""reduced"", ""regulated"", ""regulations"", ""required"", ""respective"", ""revenue"", ""seller"", ""serves"", ""signed"", ""singapore"", ""sold"", ""states"", ""synonymously"", ""tariff"", ""thailand"", ""treaties"", ""treaty"", ""trump"", ""twofold"", ""u.s."", ""uncommon"", ""usmca"", ""vietnam"", ""zealand"", ""’s""]"
novice_08.txt,novice,364,154,68,0,18,124,0.0811,0.6099,"[""'s"", ""adds"", ""agricultural"", ""aiming"", ""an"", ""applied"", ""are"", ""assembly"", ""assesses"", ""borders"", ""brought"", ""businesses"", ""canada"", ""canadian"", ""chains"", ""coats"", ""collected"", ""coming"", ""components"", ""countries"", ""crossing"", ""definitions"", ""demonstrates"", ""demonstrating"", ""duties"", ""electronics"", ""eu"", ""european"", ""examples"", ""farmers"", ""generating"", ""governments"", ""grown"", ""harvest"", ""highlights"", ""illustrating"", ""imported"", ""imposed"", ""imposes"", ""increases"", ""increasing"", ""industries"", ""influencing"", ""is"", ""items"", ""korea"", ""legally"", ""levied"", ""levying"", ""locally"", ""makes"", ""manufactured"", ""manufactures"", ""manufacturing"", ""mexican"", ""mexico"", ""non"", ""ones"", ""oranges"", ""orders"", ""peak"", ""products"", ""protecting"", ""protective"", ""rationale"", ""reasons"", ""relationships"", ""released"", ""retailer"", ""revenue"", ""screens"", ""seasons"", ""services"", ""shipment"", ""sources"", ""specialized"", ""supplier"", ""supporting"", ""taxes"", ""televisions"", ""types"", ""vietnam""]"
