filename,stratum,total_tokens,t1_count,t2_count,t3_count,t4_count,unknown_count,n_sentences,t4_ratio,common_ratio,distinct_t4,t4_variety,cooccur_pairs,cooccur_density,multi_concept_ratio,unknown_tokens
control_01.txt,control,199,68,71,0,2,58,16,0.0144,0.6985,2,0.0101,0,0.0,0.0,"[""airtight"", ""baked"", ""baking"", ""celsius"", ""centre"", ""centres"", ""chewy"", ""chilling"", ""cookies"", ""crisp"", ""deepens"", ""dense"", ""domain"", ""dough"", ""extract"", ""flavour"", ""fluffy"", ""golden"", ""granulated"", ""lightly"", ""mixer"", ""overmix"", ""parchment"", ""preheat"", ""rack"", ""rounded"", ""scoop"", ""semisweet"", ""soda"", ""softened"", ""stir"", ""stratum"", ""synthetic"", ""tablespoons"", ""teaspoon"", ""tray"", ""underbaked"", ""unsalted"", ""vanilla"", ""vocabulary"", ""whisk""]"
control_02.txt,control,200,63,76,0,1,60,17,0.0072,0.695,1,0.005,0,0.0,0.0,"[""athletic"", ""brookfield"", ""calmly"", ""capitalising"", ""comeback"", ""crossbar"", ""curled"", ""daniel"", ""defence"", ""defensive"", ""deflection"", ""dense"", ""diving"", ""domain"", ""equaliser"", ""fierce"", ""formation"", ""frantic"", ""goalkeeper"", ""header"", ""hillcrest"", ""interval"", ""journalism"", ""marker"", ""midfield"", ""momentum"", ""nod"", ""okoro"", ""penalty"", ""playoff"", ""recovery"", ""restart"", ""restless"", ""riverside"", ""scoring"", ""seals"", ""slotted"", ""spark"", ""staged"", ""stoppage"", ""stratum"", ""striker"", ""substitute"", ""synthetic"", ""tap"", ""touchline"", ""vocabulary"", ""volley"", ""whipped"", ""winger""]"
control_03.txt,control,227,78,84,0,2,63,14,0.0123,0.7137,2,0.0088,0,0.0,0.0,"[""adopters"", ""analysts"", ""animation"", ""awkward"", ""brighter"", ""brightness"", ""buyers"", ""cleanly"", ""closing"", ""comfortably"", ""compatibility"", ""crease"", ""dense"", ""developers"", ""domain"", ""durability"", ""ecosystem"", ""editing"", ""enthusiasts"", ""extended"", ""foldable"", ""foldables"", ""gaming"", ""handset"", ""handsets"", ""hinge"", ""hood"", ""improved"", ""journalism"", ""layouts"", ""maker"", ""manufacturer"", ""manufacturing"", ""mechanism"", ""niche"", ""peak"", ""premium"", ""processor"", ""prone"", ""rating"", ""ratio"", ""redesigned"", ""refreshes"", ""resistance"", ""reviewers"", ""scrolling"", ""sized"", ""smoother"", ""stratum"", ""suited"", ""sunlight"", ""synthetic"", ""tech"", ""unveiled"", ""visible"", ""vocabulary""]"
control_04.txt,control,195,88,54,0,2,51,14,0.0141,0.7282,1,0.0051,0,0.0,0.0,"[""alleys"", ""bakery"", ""baskets"", ""bench"", ""blanket"", ""blinking"", ""casual"", ""ceramics"", ""checklist"", ""cobbled"", ""counter"", ""curiosity"", ""domain"", ""drifting"", ""ducking"", ""flaky"", ""fountain"", ""golden"", ""greeting"", ""hopefully"", ""jingled"", ""landlady"", ""lane"", ""nap"", ""nearby"", ""nodded"", ""noon"", ""overlap"", ""pastries"", ""pastry"", ""pavement"", ""pigeons"", ""retreated"", ""scrape"", ""shopkeeper"", ""shutter"", ""stirred"", ""stratum"", ""sunlight"", ""synthetic"", ""terrace"", ""tray"", ""tucked"", ""unfamiliar"", ""unhurried"", ""vocabulary"", ""wandered"", ""worn"", ""woven""]"
control_05.txt,control,226,84,77,0,7,58,19,0.0435,0.7124,2,0.0088,0,0.0,0.0,"[""anchored"", ""balcony"", ""beginners"", ""blossom"", ""cage"", ""centimetres"", ""coloured"", ""compacts"", ""containers"", ""domain"", ""drainage"", ""drains"", ""evenly"", ""fertiliser"", ""formulated"", ""harvest"", ""ideally"", ""inconsistent"", ""instructional"", ""joints"", ""kilograms"", ""loosely"", ""mature"", ""moist"", ""parallels"", ""patience"", ""pinch"", ""planting"", ""poorly"", ""procedural"", ""productive"", ""ripening"", ""rot"", ""seedling"", ""squeeze"", ""stake"", ""stem"", ""stratum"", ""sturdy"", ""sunniest"", ""sunny"", ""synthetic"", ""tightly"", ""unchecked"", ""watering"", ""waterlogged"", ""windowsill""]"
expert_01.txt,expert,1121,184,511,0,131,295,99,0.1885,0.62,20,0.0178,54,0.5455,0.4853,"[""25a"", ""accepted"", ""accord"", ""according"", ""accounting"", ""accuracy"", ""accurately"", ""adjustments"", ""administrative"", ""africa"", ""african"", ""align"", ""analyses"", ""annex"", ""anti"", ""applicable"", ""arbitrariness"", ""arbitrary"", ""ascertained"", ""asian"", ""australia"", ""authorises"", ""backdrop"", ""backwardness"", ""bangladesh"", ""calculations"", ""canada"", ""cater"", ""certainty"", ""cif"", ""cif1"", ""co"", ""collector"", ""competent"", ""complement"", ""compliance"", ""compliant"", ""computed"", ""conferred"", ""confers"", ""confidential"", ""conforms"", ""consignment"", ""conversion"", ""critically"", ""cumbersome"", ""dearth"", ""declaration"", ""defective"", ""delineating"", ""determination"", ""developed"", ""differentiate"", ""directives"", ""discretion"", ""dispute"", ""dsb"", ""dumping"", ""eliminate"", ""empowers"", ""enquiries"", ""envisaged"", ""envisages"", ""equitable"", ""estimation"", ""european"", ""existent"", ""facilitate"", ""fictitious"", ""filing"", ""fixation"", ""fob"", ""fob2"", ""framework"", ""freight"", ""frustrating"", ""gaap"", ""harmonising"", ""harmonizing"", ""hereinafter"", ""honour"", ""iii"", ""implementation"", ""inadequate"", ""inconsistencies"", ""incorporated"", ""incoterms"", ""india"", ""insubstantial"", ""insufficient"", ""invoice"", ""invoicing"", ""legislation"", ""levy"", ""likewise"", ""lodge"", ""mechanism"", ""members"", ""ministry"", ""myanmar"", ""neutral"", ""non"", ""obligatory"", ""obliged"", ""outlaws"", ""overcome"", ""pakistan"", ""partial"", ""payable"", ""pca"", ""peculiarities"", ""penalty"", ""precisely"", ""preclude"", ""predictability"", ""predictable"", ""premise"", ""prescribed"", ""prescribes"", ""prevails"", ""prevalent"", ""principles"", ""prior"", ""prohibits"", ""provision"", ""provisions"", ""publicised"", ""quantifiable"", ""regulate"", ""requisite"", ""rescinded"", ""resolution"", ""revenue"", ""ruling"", ""rulings"", ""settlement"", ""simplifying"", ""socio"", ""specifies"", ""standardising"", ""stark"", ""states"", ""stipulates"", ""strictly"", ""sub"", ""submission"", ""surveillance"", ""tariff"", ""tariffs"", ""taxes"", ""technological"", ""thwarting"", ""trader"", ""traders"", ""trading"", ""transactions"", ""transparency"", ""transparent"", ""transposed"", ""treaty"", ""undocumented"", ""uniformity"", ""unpredictable"", ""valuation"", ""vii"", ""violation"", ""wto"", ""®""]"
expert_02.txt,expert,1044,188,464,0,131,261,65,0.2009,0.6245,18,0.0172,67,1.0308,0.6735,"[""144(1"", ""144(2"", ""71(1)(e"", ""74(3"", ""absence"", ""accordance"", ""adjusted"", ""adjustments"", ""agricultural"", ""agriculture"", ""analogous"", ""analysed"", ""articles"", ""availability"", ""binding"", ""bound"", ""buyers"", ""calculations"", ""catalysers"", ""cif"", ""circular"", ""circulation"", ""clarifications"", ""clarity"", ""commentary"", ""commodities"", ""commodity"", ""comparable"", ""compendium"", ""computed"", ""concrete"", ""confidentiality"", ""consequently"", ""consignment"", ""contractual"", ""deducting"", ""deductive"", ""destruction"", ""determination"", ""discretion"", ""e.g."", ""eu"", ""eur"", ""evident"", ""extract"", ""extracted"", ""facilitating"", ""fertiliser"", ""fertilisers"", ""flexibility"", ""fulfilled"", ""gatt"", ""guidelines"", ""handling"", ""hazardous"", ""i.e."", ""ia"", ""identical/"", ""implementing"", ""impurities"", ""incurred"", ""interpretative"", ""legislation"", ""loading"", ""materials/"", ""methodology"", ""ms"", ""narrowly"", ""neutralised"", ""neutralized"", ""objectively"", ""operating"", ""payable"", ""processing"", ""provisions"", ""recalculate"", ""recipients"", ""recognised"", ""recoverable"", ""reflection"", ""regardless"", ""reliability"", ""renewed"", ""resale"", ""reseller"", ""reused"", ""sake"", ""sawdust"", ""scrap"", ""separation"", ""significance"", ""specificity"", ""starting"", ""storage"", ""subsequent"", ""subsidiary"", ""supplemented"", ""symbolic"", ""taxes"", ""territory"", ""tonne"", ""transactions"", ""ucc"", ""unrelated"", ""valuation"", ""verification"", ""vii"", ""wto"", ""x"", ""x."", ""y"", ""y."", ""z"", ""z.""]"
expert_03.txt,expert,1428,310,544,0,133,441,139,0.1557,0.598,17,0.0119,44,0.3165,0.3452,"[""3(a"", ""3ʳᵈ"", ""48(1"", ""academy"", ""according"", ""accountant"", ""accountants"", ""actively"", ""adjust"", ""adjusted"", ""adjustment"", ""aduaneiras"", ""adó-"", ""affiliated"", ""aha"", ""allocate"", ""allocation"", ""america"", ""andean"", ""appeals"", ""argumentation"", ""asia"", ""audits"", ""authors"", ""backing"", ""barbosa"", ""benchmarks"", ""biding"", ""bielskiene"", ""binding"", ""boi"", ""bois"", ""branches"", ""brazil"", ""brazilian"", ""brexit"", ""btis"", ""bukowski"", ""bulgaria"", ""bulgarian"", ""bvi"", ""bvis"", ""cabinet"", ""canada"", ""canadian"", ""ccrm"", ""certainty"", ""chartered"", ""china"", ""cif"", ""circuit"", ""cjeu"", ""clarified"", ""co"", ""colombia"", ""colombian"", ""commerce"", ""competence"", ""complexity"", ""complying"", ""conditional"", ""confusion"", ""cons"", ""consult"", ""contrary"", ""convention"", ""cookware"", ""corporation"", ""correctness"", ""correlate"", ""correspondence"", ""counsel"", ""counterparties"", ""crowell"", ""cursos"", ""customsclear"", ""d'avocats"", ""david"", ""davidson"", ""ddp"", ""declaration"", ""delicate"", ""delivered"", ""demanding"", ""dereviankine"", ""developed"", ""deviate"", ""disputes"", ""distributors"", ""doctrine"", ""documentation"", ""dr."", ""dunántúli"", ""dutiable"", ""e"", ""e.g."", ""eduardo"", ""emphasised"", ""enrika"", ""enterprises"", ""entities"", ""entity"", ""etc"", ""eu"", ""eur"", ""europe"", ""european"", ""evguenia"", ""exceptional"", ""exclusive"", ""explicitly"", ""extension"", ""factual"", ""favour"", ""firstly"", ""founder"", ""france"", ""fraud"", ""french"", ""functioning"", ""főigazgatósága"", ""gatt"", ""georgi"", ""goranov"", ""grey"", ""guidance"", ""harley"", ""hfs"", ""horgan"", ""hungary"", ""i.e."", ""icc"", ""ilona"", ""ils"", ""implementation"", ""incidental"", ""incisive"", ""incoterms"", ""initiate"", ""insights"", ""interpretation"", ""interpretations"", ""ireland"", ""ironic"", ""irrelevant"", ""israel"", ""israeli"", ""issues"", ""jointly"", ""jonas"", ""juan"", ""judgement"", ""jurisdictions"", ""kft"", ""korean"", ""l."", ""legislation"", ""legislative"", ""legislator"", ""legitimate"", ""leite"", ""lithuania"", ""lithuanian"", ""ltd"", ""manufacturer"", ""manufacturers"", ""maritime"", ""marketplaces"", ""mayer"", ""meyer"", ""minimise"", ""minimising"", ""mishchenko"", ""mitchell"", ""monika"", ""moring"", ""naujoke"", ""nemzeti"", ""neville"", ""non"", ""number"", ""nyugat"", ""obstacles"", ""odessa"", ""oecd"", ""omer"", ""overview"", ""paid"", ""paradigmes"", ""particularities"", ""payable"", ""penalties"", ""pendulum"", ""peter"", ""precedence"", ""precise"", ""preliminary"", ""prices"", ""problematic"", ""problems"", ""pros"", ""provision"", ""provisional"", ""provisions"", ""purchaser"", ""pwc"", ""pénzügyőri"", ""questionable"", ""recognised"", ""reconsider"", ""regionális"", ""remanded"", ""representation"", ""retroactive"", ""revoked"", ""royalties"", ""ruling"", ""rulings"", ""sakalauskas"", ""scheme"", ""secondly"", ""seller"", ""shipment"", ""simplified"", ""solely"", ""specified"", ""ss"", ""standards"", ""states"", ""statistical"", ""statute"", ""subsidiaries"", ""symposiums"", ""tariffs"", ""taxation"", ""taxes"", ""territory"", ""thirdly"", ""tighten"", ""transaction"", ""treaty"", ""treinamentos"", ""u.s."", ""uk"", ""ukraine"", ""unaffected"", ""underestimation"", ""underlying"", ""undervaluation"", ""undervaluations"", ""unitax"", ""unlimited"", ""unreasonably"", ""upcoming"", ""upheld"", ""upwards"", ""usa"", ""v"", ""v."", ""vacated"", ""valuation"", ""vs"", ""vs."", ""vám-"", ""vámhivatal"", ""wagner"", ""webinar"", ""weronika"", ""zandra"", ""és"", ""с-291/15""]"
expert_04.txt,expert,361,80,138,0,7,136,32,0.0321,0.6039,6,0.0166,1,0.0312,0.1667,"[""agreements"", ""and/"", ""annex"", ""anticipated"", ""avail"", ""bakers"", ""blended"", ""brexit"", ""british"", ""canada"", ""canadian"", ""capability"", ""ceta"", ""christmas"", ""circulation"", ""comparatively"", ""comply"", ""continental"", ""cooperation"", ""counterpart"", ""counterparts"", ""cumulation"", ""diagonal"", ""dispatched"", ""efficiencies"", ""efficiently"", ""eroded"", ""eu"", ""eu/"", ""europe"", ""exposure"", ""facilitated"", ""frictionless"", ""heading"", ""hitherto"", ""hs"", ""independence"", ""inefficient"", ""infrastructure"", ""invalidated"", ""ireland"", ""irish"", ""kingdom"", ""maker"", ""makers"", ""manufacture"", ""mill"", ""milled"", ""neighbouring"", ""non"", ""orig"", ""originating"", ""portion"", ""preferential"", ""processing"", ""protein"", ""provision"", ""recalibration"", ""resolution"", ""roo"", ""rules"", ""tariff"", ""tca"", ""tolerance"", ""traders"", ""uk"", ""uncompetitive"", ""unwelcome"", ""vulnerabilities"", ""wheat"", ""wholly"", ""wrangling""]"
expert_05.txt,expert,1282,180,583,0,145,374,58,0.19,0.5952,13,0.0101,103,1.7759,0.7708,"[""a-261"", ""a-352"", ""a-377"", ""accession"", ""accordance"", ""according"", ""accounting"", ""accuracy"", ""acknowledgment"", ""administrative"", ""administrator"", ""admissibility"", ""admissible"", ""ambiguously"", ""analogous"", ""analysing"", ""anti"", ""applicable"", ""applicant"", ""applicants"", ""articles"", ""assigned"", ""authenticity"", ""beemsterboer"", ""bound"", ""broadly"", ""burden"", ""c-12/92"", ""c-21/13"", ""c-293/04"", ""c-416/15"", ""c-438/11"", ""categorical"", ""certificate"", ""certificates"", ""certify"", ""china"", ""chinese"", ""cjeu"", ""clarified"", ""co."", ""coldstore"", ""complicates"", ""concessions"", ""consolidated"", ""contradictory"", ""controversies"", ""debatable"", ""declaration"", ""declarations"", ""derivative"", ""determination"", ""differ"", ""dispute"", ""disputed"", ""disputes"", ""disputing"", ""distinctive"", ""distinguishes"", ""diversity"", ""documentation"", ""dumping"", ""e."", ""ea-304"", ""ea1671"", ""edmond"", ""essentially"", ""etc"", ""eu"", ""european"", ""evers"", ""explicitly"", ""expressly"", ""fasteners"", ""favour"", ""favourable"", ""firstly"", ""formulated"", ""fraud"", ""g."", ""huygen"", ""i."", ""implementation"", ""implementing"", ""imposition"", ""inaccuracy"", ""inaccurate"", ""incorrect"", ""interpretations"", ""invoice"", ""invoices"", ""kingdom"", ""lading"", ""lagura"", ""lawful"", ""liable"", ""lithuania"", ""lithuanian"", ""non"", ""olaf"", ""originating"", ""p."", ""para"", ""peculiarities"", ""precedents"", ""preferential"", ""primarily"", ""problematic"", ""proceedings"", ""proving"", ""provision"", ""provisions"", ""reasoning"", ""recognition"", ""republic"", ""restrictive"", ""românia"", ""sanctions"", ""secondly"", ""selena"", ""services"", ""simon"", ""sole"", ""solely"", ""states"", ""subsequent"", ""subsequently"", ""substantial"", ""substantially"", ""substantiate"", ""substantiates"", ""sufficient"", ""supreme"", ""taipei"", ""taiwan"", ""tariff"", ""tariffs"", ""taxation"", ""taxpayer"", ""territory"", ""thailand"", ""trader"", ""traders"", ""traditionally"", ""transaction"", ""transactions"", ""transformation"", ""ucc"", ""underwent"", ""validity"", ""verified"", ""vermögensverwaltung"", ""vs."", ""wholly"", ""withheld"", ""wrongly""]"
expert_06.txt,expert,428,118,170,0,7,133,35,0.0243,0.6729,4,0.0093,1,0.0286,0.1667,"[""accordance"", ""according"", ""advisable"", ""and/or"", ""applicable"", ""assemblies"", ""bilateral"", ""bound"", ""c"", ""calculations"", ""convention"", ""corresponding"", ""declaration"", ""declarations"", ""e.g."", ""erp"", ""eur.1"", ""european"", ""ex"", ""exceed"", ""exclusively"", ""exw"", ""framework"", ""heading"", ""hs"", ""hurdles"", ""i.e."", ""incomplete"", ""incorporated"", ""individually"", ""injection"", ""innovation"", ""input"", ""machinery"", ""manufacture"", ""manufactured"", ""manufacturing"", ""margins"", ""matrix"", ""mediterranean"", ""moulded"", ""mutually"", ""number"", ""numbers"", ""parallel"", ""parameters"", ""pem"", ""phase.1"", ""preferential"", ""proportion"", ""recognisable"", ""reflexively"", ""respective"", ""rethink"", ""screws"", ""shipments"", ""spare"", ""supplemented"", ""supplier"", ""suppliers"", ""switzerland"", ""systematically"", ""tariff"", ""tolerance"", ""transitional"", ""underlying"", ""wording"", ""works"", ""worthwhile""]"
expert_07.txt,expert,1120,187,474,0,44,415,64,0.0666,0.5902,15,0.0134,9,0.1406,0.3214,"[""abusive"", ""accelerating"", ""acceptance"", ""accordance"", ""according"", ""accra"", ""administrations"", ""administrative"", ""afcfta"", ""africa"", ""african"", ""alleviates"", ""ambitious"", ""annex"", ""apparatus"", ""apparel"", ""appendices"", ""appendix"", ""applicable"", ""arabic"", ""arrangements/"", ""assembly"", ""assistance"", ""au"", ""avenues"", ""beneficiaries"", ""boost"", ""boosting"", ""cameroon"", ""certificate"", ""certification"", ""certified"", ""changer"", ""chapters"", ""circulate"", ""circumvention"", ""commenced"", ""communities"", ""compliant"", ""comply"", ""comprehension"", ""comprehensive"", ""comprising"", ""confer"", ""conferring"", ""confidentiality"", ""considerable"", ""consignment"", ""constitute"", ""continental"", ""cooperation"", ""coordinated"", ""cumulation"", ""declaration"", ""dedicated"", ""deemed"", ""determination"", ""dispute"", ""diversification"", ""dubbed"", ""efficiently"", ""egypt"", ""eligible"", ""engagement"", ""english"", ""enhanced"", ""essentially"", ""etc"", ""eu"", ""european"", ""ex"", ""excludes"", ""exhaustive"", ""extracted"", ""facilitation"", ""flagship"", ""flexibilities"", ""flexibility"", ""framework"", ""french"", ""fulfilled"", ""ghana"", ""gross"", ""guided"", ""harmonisation"", ""harmonized"", ""harvested"", ""heading"", ""heads"", ""hs"", ""implementation"", ""implemented"", ""infant"", ""initiate"", ""input"", ""inputs/"", ""installed"", ""insufficient"", ""integration"", ""intra"", ""invoice"", ""issuance"", ""iv"", ""jointly"", ""kenya"", ""kickstart"", ""labelling"", ""legislation"", ""legislations"", ""manipulated"", ""manipulations"", ""manufacturing"", ""mauritius"", ""meaningful"", ""mixing"", ""mutual"", ""nationality"", ""non"", ""number"", ""officially"", ""organisations"", ""originate"", ""originating"", ""overview"", ""packaging"", ""para"", ""parties"", ""partnership"", ""pave"", ""penalties"", ""portuguese"", ""preferential"", ""preservation"", ""procedural"", ""processing"", ""programme"", ""projects"", ""promotion"", ""protocol"", ""provision"", ""provisions"", ""psrs"", ""recs"", ""regulate"", ""reloading"", ""remedies"", ""roo"", ""rules"", ""rwanda"", ""scope"", ""secretariat"", ""settlement"", ""specified"", ""stakeholders"", ""stipulates"", ""submission"", ""subsequently"", ""substantial"", ""sufficient"", ""sufficiently"", ""sustainable"", ""tailor"", ""tanzania"", ""tariff"", ""territorial"", ""territories"", ""textile"", ""threshold"", ""tolerance"", ""trading"", ""transformation"", ""transshipment"", ""tunisia"", ""undergo"", ""undergone"", ""unloading"", ""usd"", ""verification"", ""wco"", ""wholly"", ""widens"", ""works"", ""zones""]"
expert_08.txt,expert,1315,209,527,0,67,512,98,0.091,0.5597,13,0.0099,25,0.2551,0.3256,"[""absence"", ""accessibility"", ""accommodate"", ""accordingly"", ""activation"", ""administrative"", ""adoption"", ""advocated"", ""advocating"", ""aeo"", ""aeoc"", ""aeos"", ""agents"", ""akritidis"", ""ambitious"", ""amendment"", ""amendments"", ""analysed"", ""antov"", ""applicants"", ""attractiveness"", ""audit"", ""audited"", ""auditors"", ""authorisation"", ""authorisations"", ""authorised"", ""authors"", ""awareness"", ""behalf"", ""belgium"", ""blackman"", ""brokerage"", ""bulgaria"", ""bulgarian"", ""burdens"", ""burdensome"", ""bv"", ""ccrm"", ""centralised"", ""certificate"", ""challenging"", ""christina"", ""christopher"", ""clarification"", ""clarified"", ""clarity"", ""coexistence"", ""commentary"", ""comparative"", ""complexities"", ""complexity"", ""compliance"", ""compliant"", ""complications"", ""comply"", ""comprehensive"", ""confidential"", ""constitutes"", ""consult"", ""consulting"", ""crowell"", ""customsclear"", ""deferred"", ""denmark"", ""dhl"", ""disruption"", ""e.g."", ""editorial"", ""effectiveness"", ""efficiency"", ""eligibility"", ""emphasised"", ""emphasising"", ""enforcement"", ""enhancements"", ""enrika"", ""enterprises"", ""entities"", ""entitled"", ""equivalent"", ""era"", ""establishment"", ""eu"", ""eur"", ""european"", ""evolution"", ""exceeding"", ""excluding"", ""expansion"", ""explicitly"", ""facilitates"", ""facilitating"", ""familiarise"", ""foremost"", ""format"", ""forwarding"", ""framework"", ""freight"", ""fulfilling"", ""georgi"", ""german"", ""germany"", ""gmbh"", ""goranov"", ""harmonise"", ""holders"", ""hristina"", ""hristova"", ""hub"", ""hurdles"", ""ics2"", ""implement"", ""implementation"", ""implemented"", ""implications"", ""inclusiveness"", ""incomprehensible"", ""infrastructure"", ""infringement"", ""infringements"", ""ireland"", ""jason"", ""legislation"", ""legislative"", ""legitimate"", ""lengthy"", ""lithuania"", ""lithuanian"", ""logistics"", ""lpp"", ""ltd"", ""lux"", ""ma"", ""managing"", ""matt"", ""measured"", ""michael"", ""milestones"", ""minimal"", ""modernising"", ""momchil"", ""monitoring"", ""mutual"", ""naujoke"", ""netherlands"", ""non"", ""notable"", ""notably"", ""nsbs"", ""number"", ""obstacles"", ""offence"", ""officially"", ""operators"", ""organisation"", ""organisational"", ""osenbrüggen"", ""overview"", ""parliament"", ""perceived"", ""perception"", ""potentially"", ""practicality"", ""practitioners"", ""premises"", ""proactively"", ""programme"", ""programmes"", ""proportionate"", ""providers"", ""provisionally"", ""provisions"", ""reactivated"", ""readiness"", ""realise"", ""recognised"", ""recognition"", ""reform"", ""regulatory"", ""reluctant"", ""resolution"", ""respondents"", ""restored"", ""revoked"", ""rigorous"", ""robust"", ""sabine"", ""safeguards"", ""scenario"", ""scrutiny"", ""sentiment"", ""sharing"", ""siemens"", ""simplification"", ""simplifications"", ""simplified"", ""smes"", ""solvency"", ""spain"", ""stakeholder"", ""stakeholders"", ""standards"", ""states"", ""streamlining"", ""strictly"", ""stringent"", ""subsequent"", ""suspended"", ""suspension"", ""t&c"", ""t&c."", ""taxation"", ""theoretical"", ""timeframe"", ""timetable"", ""trader"", ""traders"", ""transformation"", ""transparency"", ""transparent"", ""trusted"", ""ucc"", ""uk"", ""uncertain"", ""uncertainty"", ""unclear"", ""underlined"", ""uneven"", ""unfold"", ""unitax"", ""unnoticed"", ""unresolved"", ""untapped"", ""vague"", ""valid"", ""vassilis"", ""violations"", ""vs"", ""waiver"", ""€""]"
expert_09.txt,expert,3196,534,1279,0,370,1013,183,0.2041,0.5673,38,0.0119,369,2.0164,0.621,"[""102(2)(b"", ""102(4"", ""104(2"", ""109(2)(2nd"", ""110(2"", ""119(1"", ""120(1"", ""123(2)(c"", ""124(1)(b"", ""128(3a)(c"", ""159(2"", ""176(2"", ""176(3"", ""18(3)(2nd"", ""181(4"", ""187(2"", ""191(1)(c"", ""20(1)(c"", ""20(3)(e"", ""201(1"", ""21(1"", ""211(3)(b"", ""24(4"", ""25(3)(e"", ""25(3)(f"", ""25(7"", ""27(1"", ""27(1)(3rd"", ""27(3"", ""27(6"", ""31(1"", ""38(6"", ""39(e"", ""3pl"", ""59(3"", ""62(1"", ""82(2"", ""88(3)(a"", ""95(2"", ""96(1"", ""abolish"", ""abolished"", ""abolition"", ""accelerate"", ""accessible"", ""accordance"", ""according"", ""accountability"", ""accounting"", ""administrative"", ""aeo"", ""aeoc"", ""aeocs"", ""aeos"", ""albeit"", ""alia"", ""align"", ""alignment"", ""alternatively"", ""amendment"", ""amendments"", ""and/or"", ""annex"", ""applicable"", ""applicant"", ""applicants"", ""appointing"", ""arts"", ""assistance"", ""assurance"", ""attractiveness"", ""audit"", ""auditors"", ""authorisation"", ""authorisations"", ""authorised"", ""avert"", ""b"", ""baseline"", ""behalf"", ""beneficiaries"", ""blanket"", ""buyer"", ""cbam"", ""centralisation"", ""centralised"", ""certification"", ""cf"", ""circulation"", ""clarification"", ""clarified"", ""clarifying"", ""coherent"", ""commerce"", ""compendium"", ""competent"", ""compliance"", ""complies"", ""comply"", ""comprehensive"", ""compulsory"", ""conformity"", ""consequently"", ""considerably"", ""consignee"", ""consignment"", ""consignor"", ""constitutes"", ""consultation"", ""consumption"", ""contra"", ""contradicts"", ""cooperate"", ""cooperation"", ""corrections"", ""correctness"", ""corresponding"", ""corresponds"", ""d"", ""da"", ""declaration"", ""declarations"", ""deduce"", ""deduced"", ""deemed"", ""defer"", ""deferment"", ""deferral"", ""deferred"", ""deforestation"", ""delegated"", ""deliberations"", ""depriving"", ""designation"", ""deterioration"", ""deviate"", ""directives"", ""disproportionate"", ""disproportionately"", ""documentation"", ""duplication"", ""e"", ""e.g."", ""eliminates"", ""elimination"", ""empower"", ""empowered"", ""empowerment"", ""enterprises"", ""entitled"", ""entitlement"", ""envisaged"", ""envisages"", ""ep"", ""equivalent"", ""erp"", ""essentially"", ""establishment"", ""eu"", ""european"", ""evaluation"", ""evolve"", ""exacerbated"", ""excessive"", ""excise"", ""excluded"", ""exemption"", ""expiry"", ""explanatory"", ""explicitly"", ""extension"", ""facilitate"", ""facilitation"", ""facilitations"", ""fake"", ""fiscal"", ""forwarders"", ""framework"", ""fraud"", ""freight"", ""fulfil"", ""fulfilled"", ""fulfilment"", ""granting"", ""graph"", ""graphs"", ""guidance"", ""handover"", ""heijmann"", ""holder"", ""holders"", ""hub"", ""hubs"", ""i.e."", ""ia"", ""identical"", ""illogical"", ""implementation"", ""implicit"", ""importer’s"", ""incoming"", ""incomplete"", ""incomprehensible"", ""incurred"", ""incurring"", ""individually"", ""infringement"", ""infringements"", ""innovations"", ""insofar"", ""inspection"", ""intensive"", ""inter"", ""interfaces"", ""interim"", ""intermediaries"", ""internationally"", ""intervention"", ""invalidation"", ""invoices"", ""irregularities"", ""irrespective"", ""issuers"", ""jeopardise"", ""junctions"", ""keepers"", ""labour"", ""legislation"", ""liability"", ""liable"", ""licences"", ""linking"", ""lodge"", ""logic"", ""logistics"", ""losers"", ""mandatory"", ""manufacturer"", ""materialise"", ""meantime"", ""micro"", ""mode"", ""modelling"", ""monitoring"", ""multinational"", ""mutual"", ""necessity"", ""newly"", ""non"", ""nonfinancial"", ""nonfiscal"", ""notably"", ""notification"", ""novelty"", ""number"", ""obstacles"", ""onward"", ""opt"", ""opted"", ""organisation"", ""outgoing"", ""overarching"", ""overstated"", ""p."", ""para"", ""parliament"", ""participation"", ""partnership"", ""passports"", ""periodic"", ""periodically"", ""permissible"", ""peters"", ""practicality"", ""pre"", ""preference"", ""preferential"", ""premises"", ""prescribed"", ""prior"", ""privileged"", ""proceedings"", ""productive"", ""profitability"", ""progressively"", ""prohibitions"", ""proportion"", ""proportionate"", ""provider"", ""providers"", ""provision"", ""provisions"", ""questionable"", ""quota"", ""r"", ""reassess"", ""recitals"", ""recognition"", ""reduced"", ""reform"", ""reformed"", ""refund"", ""refunds"", ""regardless"", ""regime"", ""regulations"", ""rejection"", ""reliability"", ""replacement"", ""reporting"", ""representation"", ""reputable"", ""reputational"", ""restriction"", ""restrictions"", ""restrictive"", ""revisions"", ""rightly"", ""scenario"", ""scheme"", ""scope"", ""selective"", ""sharing"", ""simplification"", ""simplifications"", ""simplified"", ""sized"", ""smes"", ""specialised"", ""specification"", ""states"", ""sub"", ""subsequent"", ""subtracting"", ""sufficient"", ""summarised"", ""supervision"", ""supplementary"", ""supplemented"", ""suppliers"", ""surveillance"", ""suspensive"", ""suspicious"", ""t&c"", ""t&c."", ""t&cs"", ""tap"", ""tariff"", ""taxes"", ""territory"", ""tracking"", ""trader"", ""traders"", ""trading"", ""transaction"", ""transitional"", ""transmission"", ""transmit"", ""transmitted"", ""transmitting"", ""transparency"", ""transparent"", ""triggering"", ""trusted"", ""trustworthy"", ""ucc"", ""unavailability"", ""uncertainty"", ""underlying"", ""understated"", ""unloading"", ""usage"", ""vat"", ""violations"", ""waiver"", ""warehouse"", ""warehousing"", ""weeding"", ""withdraw"", ""withdrawn"", ""workload""]"
expert_10.txt,expert,1106,182,376,0,98,450,80,0.1756,0.5045,27,0.0244,80,1.0,0.4706,"[""academy"", ""additionally"", ""administrative"", ""admission"", ""adoption"", ""advocate"", ""aeo"", ""aeoc"", ""aeos"", ""affidavit"", ""agents"", ""agriculture"", ""align"", ""aligning"", ""alignment"", ""alleged"", ""alliance"", ""ambitious"", ""america"", ""applicants"", ""argentina"", ""asia"", ""attractiveness"", ""audits"", ""authorisation"", ""authorisations"", ""authorised"", ""aviation"", ""bolivia"", ""brazil"", ""brazilian"", ""calculations"", ""canada"", ""cargo"", ""ccrm"", ""certificate"", ""certificates"", ""certification"", ""certified"", ""chile"", ""china"", ""clarify"", ""classification"", ""colombia"", ""commercially"", ""comparable"", ""complementary"", ""compliance"", ""comply"", ""comprehensive"", ""comprising"", ""confirmation"", ""conformity"", ""consultations"", ""consultative"", ""contamination"", ""cooperation"", ""costa"", ""cources"", ""declaration"", ""declarations"", ""dedicated"", ""defence"", ""depositaries"", ""depositories"", ""determination"", ""disclosure"", ""dispensing"", ""diversity"", ""documentation"", ""dominican"", ""dynamics"", ""e.g."", ""editorial"", ""eduardo"", ""efficiently"", ""encouragingly"", ""etc"", ""eu"", ""europe"", ""european"", ""evaluation"", ""evolve"", ""evolving"", ""exempt"", ""exemption"", ""exporters"", ""extension"", ""familiarise"", ""formally"", ""formulas"", ""forum"", ""forwarders"", ""founder"", ""framework"", ""frameworks"", ""freight"", ""guatemala"", ""harmonised"", ""hong"", ""i.e."", ""ii"", ""iii"", ""illicit"", ""ilona"", ""implementation"", ""implemented"", ""implementing"", ""importers"", ""independently"", ""indicators"", ""inspections"", ""integrated"", ""integrates"", ""integration"", ""interconnected"", ""interference"", ""intermediary"", ""irregularities"", ""israel"", ""israeli"", ""kong"", ""korea"", ""kyryievskyi"", ""legislation"", ""legislative"", ""legitimate"", ""leite"", ""licence"", ""mainteaining"", ""managing"", ""mandatory"", ""mathematical"", ""matures"", ""mechanism"", ""medicines"", ""mercosur"", ""metrology"", ""mexico"", ""ministries"", ""mishchenko"", ""modalities"", ""modality"", ""modernise"", ""modes"", ""module"", ""modules"", ""mra"", ""mras"", ""mutual"", ""negotiated"", ""negotiating"", ""non"", ""number"", ""odesa"", ""oleg"", ""omer"", ""operational"", ""operators"", ""organisation"", ""overview"", ""pacific"", ""paraguay"", ""partially"", ""participation"", ""partnerships"", ""penalise"", ""personnel"", ""peru"", ""phd"", ""pre"", ""prioritised"", ""procedural"", ""proceedings"", ""proceeds"", ""processing"", ""products"", ""programme"", ""programmes"", ""recognition"", ""redex"", ""reform"", ""regime"", ""registration"", ""regulatory"", ""republic"", ""respectively"", ""revenue"", ""rica"", ""russia"", ""satisfactory"", ""scope"", ""secex"", ""secretariat"", ""seminars"", ""serbia"", ""shipments"", ""simplifications"", ""simplified"", ""solvency"", ""states"", ""streamline"", ""streamlined"", ""strengthen"", ""strengthens"", ""sufficient"", ""surveillance"", ""suspended"", ""suspension"", ""t&c"", ""tailored"", ""taiwan"", ""testament"", ""traders"", ""trading"", ""transaction"", ""transporters"", ""ukraine"", ""ukrainian"", ""uncertainties"", ""undergo"", ""undergoing"", ""underlines"", ""undoubtedly"", ""upheld"", ""uruguay"", ""usa"", ""valid"", ""verification"", ""verified"", ""viability"", ""voluntary"", ""wagner"", ""warehouses"", ""waterway"", ""wco""]"
expert_11.txt,expert,465,109,162,0,40,154,37,0.1476,0.5828,11,0.0237,25,0.6757,0.5,"[""abreast"", ""adhered"", ""amendments"", ""audit"", ""auspices"", ""b.v."", ""blocs"", ""bolster"", ""bound"", ""bug"", ""cargo"", ""certificate"", ""clarification"", ""clarifications"", ""clarify"", ""clarity"", ""compliance"", ""compliant"", ""composition"", ""concrete"", ""consigned"", ""consignee"", ""consignment"", ""consignments"", ""contractual"", ""crafting"", ""declaration"", ""documentation"", ""eu"", ""evfta"", ""execution"", ""expressly"", ""factual"", ""fta"", ""ftas"", ""guidance"", ""hydraulic"", ""hypothetical"", ""i.e."", ""immense"", ""impart"", ""importer/"", ""inconsistencies"", ""infancy"", ""invoices"", ""lading"", ""legislation"", ""logistics"", ""manipulation"", ""manufacturing"", ""modifications"", ""netherlands"", ""non"", ""noteworthy"", ""numbering"", ""packing"", ""partnership"", ""powerhouse"", ""premier"", ""protocol"", ""reap"", ""reputable"", ""respective"", ""rotterdam"", ""rules"", ""scenario"", ""se"", ""shield"", ""shipments"", ""shipping"", ""singapore"", ""smoothly"", ""spare"", ""specified"", ""splitting"", ""streamline"", ""sufficient"", ""territory"", ""tools"", ""traceable"", ""trading"", ""transshipment"", ""undoubtedly"", ""unloaded"", ""v5"", ""vietnam"", ""wisely"", ""workaround""]"
expert_12.txt,expert,1215,195,483,0,100,437,77,0.1475,0.558,16,0.0132,48,0.6234,0.4314,"[""1990s"", ""absence"", ""abuse"", ""accede"", ""accelerate"", ""accession"", ""according"", ""acquis"", ""additionally"", ""aeo"", ""alignment"", ""allocating"", ""alongside"", ""analog"", ""analyses"", ""applicant"", ""applicants"", ""approximated"", ""approximation"", ""armenia"", ""assistance"", ""attractiveness"", ""authorizations"", ""authorized"", ""automated"", ""azerbaijan"", ""belarus"", ""c"", ""cabinet"", ""calculation"", ""cefta"", ""centre"", ""chd"", ""checkpoints"", ""co"", ""coefficients"", ""coercive"", ""compatibility"", ""compatible"", ""complementing"", ""compliance"", ""complicity"", ""comprised"", ""comprises"", ""computerisation"", ""computerization"", ""computerized"", ""conformity"", ""consignee"", ""consignees"", ""consignor"", ""contracting"", ""contrary"", ""convention"", ""conventional"", ""conventions"", ""cpma"", ""declarations"", ""dedicated"", ""deployed"", ""deploying"", ""deployment"", ""derive"", ""dg"", ""differentiation"", ""directorate"", ""discontinue"", ""discontinuing"", ""distorted"", ""ea"", ""ec"", ""ee"", ""efta"", ""emergence"", ""emphasised"", ""eni"", ""eni/2017/040"", ""envisages"", ""ets"", ""eu"", ""eu4pfm"", ""eurasian"", ""european"", ""evaluation"", ""excessively"", ""extension"", ""extensive"", ""fiscal"", ""formalities"", ""formally"", ""framework"", ""fraud"", ""fulfilling"", ""functioning"", ""georgia"", ""guaranties"", ""harmonized"", ""i.e."", ""identification"", ""im"", ""implement"", ""implementation"", ""implementing"", ""importantly"", ""inspector-2006"", ""institutional"", ""instrumental"", ""integrated"", ""integration"", ""interconnection"", ""interconnections"", ""interfaces"", ""internationaux"", ""irrespectively"", ""iteration"", ""jointly"", ""legislation"", ""legislative"", ""liberal"", ""lithuania"", ""localization"", ""localized"", ""lodge"", ""lodged"", ""makers"", ""methodology"", ""ministers"", ""ministry"", ""modernisation"", ""modules"", ""moldova"", ""motivation"", ""multilateral"", ""mutual"", ""ncts"", ""neighbourhood"", ""neighbouring"", ""newly"", ""non"", ""number"", ""operational"", ""overlapping"", ""paperless"", ""para"", ""parties"", ""partnership"", ""peculiarities"", ""portal"", ""potentially"", ""pre"", ""precise"", ""preconditions"", ""predictable"", ""preliminary"", ""premises"", ""primarily"", ""procure"", ""programme"", ""programmes"", ""proportionally"", ""provision"", ""readiness"", ""recourses"", ""regimes"", ""regulative"", ""remarkable"", ""republic"", ""respective"", ""revenue"", ""rigorous"", ""rollout"", ""routiers"", ""sida"", ""simplification"", ""simplifications"", ""skip"", ""solvency"", ""states"", ""streaming"", ""submission"", ""subsequent"", ""suitableness"", ""supranational"", ""swedish"", ""t1ua"", ""taxation"", ""taxud"", ""tc"", ""telecommunication"", ""tendency"", ""territory"", ""tir"", ""trader"", ""traders"", ""transports"", ""triggers"", ""twinning"", ""ukraine"", ""ukrainian"", ""upgraded"", ""usage"", ""utilization"", ""utilized"", ""utilizes"", ""utilizing"", ""validation"", ""voluntarily"", ""vulnerability"", ""withdrawing""]"
expert_13.txt,expert,1455,332,562,0,214,347,132,0.2394,0.6144,36,0.0247,181,1.3712,0.5368,"[""57(3"", ""744.6(b"", ""85(1"", ""86(3"", ""a."", ""academy"", ""acceptance"", ""accordance"", ""according"", ""accounting"", ""administrative"", ""aduaneiras"", ""advisable"", ""advocate"", ""aeo"", ""amended"", ""analyse"", ""annette"", ""antov"", ""applicable"", ""argentina"", ""ata"", ""audits"", ""authorisations"", ""authors"", ""aw"", ""awb"", ""b"", ""belgium"", ""beneficial"", ""besuspariene"", ""bis"", ""brazil"", ""bulgaria"", ""bureau"", ""calculation"", ""cargo"", ""carnet"", ""challenges"", ""china"", ""christelle"", ""circuits"", ""circulation"", ""classification"", ""classified"", ""comical"", ""commerce"", ""comply"", ""confiscate"", ""constitute"", ""consultant"", ""contractual"", ""convention"", ""correspondence"", ""corresponding"", ""cpd"", ""cursos"", ""custax"", ""d."", ""declaration"", ""denial"", ""destined"", ""discharging"", ""disclosure"", ""dr"", ""dubouchet"", ""e"", ""e.g."", ""economics"", ""eduardo"", ""emphasised"", ""encompass"", ""enrika"", ""equivalent"", ""erika"", ""errors"", ""etc"", ""eu"", ""european"", ""examined"", ""excise"", ""extension"", ""extraterritorial"", ""facilitating"", ""firstly"", ""forma"", ""formalisation"", ""forth"", ""france"", ""fraud"", ""generalising"", ""german"", ""germany"", ""gottifredi"", ""hopes"", ""implementing"", ""implicates"", ""importing"", ""incurred"", ""infringements"", ""inspection"", ""integrated"", ""interruption"", ""invoice"", ""irrelevant"", ""israel"", ""israeli"", ""lading"", ""lawsuit"", ""legislation"", ""leite"", ""liability"", ""limitation"", ""lithuania"", ""lithuanian"", ""lux"", ""magnus"", ""manufacture"", ""maria"", ""michael"", ""minimise"", ""mitigate"", ""mitigating"", ""mitigation"", ""modification"", ""momchil"", ""naujokė"", ""nettes`globaltrade"", ""nomenclature"", ""non"", ""number"", ""omer"", ""ordinance"", ""packing"", ""paperwork"", ""payable"", ""penalties"", ""persons"", ""pillars"", ""practitioners"", ""prax"", ""preference"", ""preferential"", ""premises"", ""pro"", ""procedure(s"", ""procedures"", ""programme"", ""prohibitions"", ""provisions"", ""pursuant"", ""pwc"", ""quota"", ""refunded"", ""regulated"", ""regulations"", ""reiser"", ""rejection"", ""reporting"", ""resell"", ""restrictions"", ""rinnert"", ""sanctions"", ""sandra"", ""semiconductors"", ""servicing"", ""shipment"", ""shipping"", ""simplifications"", ""simplifications/"", ""solvency"", ""specified"", ""stipulates"", ""storage"", ""subdivision"", ""subheading"", ""subsequently"", ""suspension/"", ""switzerland"", ""t1"", ""tariff"", ""tariffs"", ""taxation"", ""taxes"", ""temporarily"", ""territorial"", ""territory"", ""transmission"", ""transmitting"", ""treinamentos"", ""tsenov"", ""ucc"", ""unaware"", ""underestimated"", ""valuation"", ""vat"", ""versus"", ""voluntary"", ""vytautas"", ""wagner"", ""warehousing"", ""wto""]"
expert_14.txt,expert,917,143,305,0,43,426,44,0.096,0.4885,8,0.0087,13,0.2955,0.36,"[""accize"", ""according"", ""adl"", ""agenzia"", ""al"", ""alka"", ""allocation"", ""alloy"", ""amazon"", ""american"", ""amsterdam"", ""analyses"", ""analyzed"", ""and/or"", ""argumentation"", ""automated"", ""autoritatea"", ""avoidance"", ""baltic"", ""binding"", ""bti"", ""btis"", ""bucurești"", ""bv"", ""c-199/09"", ""c-286/15"", ""c-291/11"", ""c-35/93"", ""c-382/09"", ""c-450/12"", ""c-635/13"", ""cjeu"", ""classification"", ""classified"", ""classifying"", ""cn"", ""co"", ""co."", ""coincides"", ""collisions"", ""combined"", ""comparative"", ""complexity"", ""consistently"", ""copying"", ""dataline"", ""delle"", ""dell’agenzia"", ""di"", ""dienests"", ""digit"", ""direcţia"", ""direcția"", ""disputes"", ""doctrine"", ""dogane"", ""dr."", ""duisburg"", ""e."", ""e.g."", ""eec"", ""eisbein"", ""emergence"", ""empirical"", ""essence"", ""establishment"", ""et"", ""eu"", ""europe"", ""european"", ""expertise"", ""explanatory"", ""federative"", ""financiën"", ""finanţelor"", ""freight"", ""g."", ""galați"", ""gavier"", ""generală"", ""germany"", ""gmbh"", ""gāze"", ""hannover"", ""hark"", ""harmonized"", ""hauptzollamt"", ""heading"", ""headings"", ""hereinafter"", ""heterogeneous"", ""heterogenous"", ""homogeneous"", ""hsens"", ""i."", ""i.e."", ""ieņēmumu"", ""implementation"", ""inappropriate"", ""incomplete"", ""incorrect"", ""inequality"", ""initiated"", ""interpretation"", ""interpretations"", ""issuing"", ""italia"", ""javorcik"", ""judicial"", ""jurisprudence"", ""kachelofenbau"", ""kamin"", ""kg"", ""krefeld"", ""latvia"", ""latvijas"", ""laurinavičius"", ""liberal"", ""linguistic"", ""lithuania"", ""logistics"", ""met"", ""milano"", ""municipiului"", ""narciso"", ""națională"", ""nomenclature"", ""notes"", ""number"", ""operațiuni"", ""originating"", ""panasonic"", ""para"", ""payable"", ""pentru"", ""primarily"", ""propāna"", ""provision"", ""publice"", ""rauch"", ""regională"", ""regulates"", ""reiterated"", ""repeatedly"", ""republic"", ""rohm"", ""rovetta"", ""sc"", ""scerni"", ""schenker"", ""semiconductor"", ""settlement"", ""sia"", ""significance"", ""spa"", ""srl"", ""staatssecretaris"", ""stainless"", ""states"", ""statistical"", ""stils"", ""stuttgart"", ""subheading"", ""sàrl"", ""tariff"", ""technological"", ""territory"", ""theoretical"", ""tnt"", ""ucc"", ""ufficio"", ""und"", ""universal"", ""v."", ""valantiejus"", ""valsts"", ""vamale"", ""vermulst"", ""verona"", ""vămilor"", ""wco"", ""și""]"
expert_15.txt,expert,851,109,391,0,107,244,61,0.214,0.5875,10,0.0118,42,0.6885,0.4074,"[""accordance"", ""according"", ""accreditation"", ""accreditations"", ""accredited"", ""administered"", ""administrative"", ""admissibility"", ""allocation"", ""analogous"", ""analysed"", ""analyses"", ""analyst"", ""authorized"", ""burden"", ""certification"", ""certified"", ""clarification"", ""clarify"", ""classification"", ""classified"", ""classify"", ""classifying"", ""cn"", ""combined"", ""competence"", ""completeness"", ""compliance"", ""composition"", ""comprehensiveness"", ""concluding"", ""consequently"", ""consignment"", ""consistency"", ""determination"", ""discrepancies"", ""dispute"", ""disputes"", ""eliminated"", ""entities"", ""entity"", ""essence"", ""eu"", ""european"", ""evidentiary"", ""executing"", ""extensive"", ""formulated"", ""heading"", ""hereinafter"", ""i.e."", ""identical"", ""impartial"", ""implementing"", ""incorrectly"", ""integrated"", ""interpretation"", ""legally"", ""likelihood"", ""lithuania"", ""lithuanian"", ""motivate"", ""nomenclature"", ""nomenclatures"", ""non"", ""outweigh"", ""pending"", ""precondition"", ""protocol"", ""provision"", ""provisions"", ""rebut"", ""rebuttal"", ""rebutted"", ""refute"", ""republic"", ""resolution"", ""rules"", ""ruling"", ""significance"", ""subdivisions"", ""subheadings"", ""submission"", ""substantial"", ""supreme"", ""taric"", ""tariff"", ""taxes"", ""taxpayer"", ""testing"", ""thereon"", ""unresolved"", ""validity"", ""verify"", ""wording""]"
expert_16.txt,expert,407,100,167,0,26,114,38,0.0974,0.656,7,0.0172,7,0.1842,0.3125,"[""assigned"", ""authorised"", ""awareness"", ""certainty"", ""circulars"", ""classification"", ""classifications"", ""classifying"", ""commodities"", ""commodity"", ""compiled"", ""compliance"", ""consistency"", ""corresponding"", ""dashes"", ""database"", ""declaration"", ""digit"", ""duty/"", ""e.g."", ""entitles"", ""export/"", ""franca"", ""generic"", ""harmonised"", ""heading"", ""headings"", ""hs"", ""incorrect"", ""insufficient"", ""internationally"", ""interpretative"", ""lastly"", ""lingua"", ""manufacturer"", ""mechanism"", ""mitigating"", ""mutual"", ""non"", ""notes"", ""offence"", ""penalties"", ""periodically"", ""predictability"", ""prior"", ""recognition"", ""rules"", ""ruling"", ""rulings"", ""specified"", ""sub"", ""supplier"", ""suppliers"", ""systematic"", ""tailored"", ""tariff"", ""taxes"", ""tollkit"", ""toolkit"", ""traders"", ""trading"", ""verify""]"
expert_17.txt,expert,140,33,54,0,18,35,13,0.2069,0.6214,5,0.0357,9,0.6923,0.7778,"[""+"", ""accessible"", ""accomplishing"", ""attribution"", ""boundaries"", ""cc"", ""classification"", ""classified"", ""encyclopedia"", ""european"", ""evade"", ""https://www.newworldencyclopedia.org/entry/tariff"", ""interchangeably"", ""intro"", ""levied"", ""levying"", ""novice"", ""portion"", ""reusable"", ""revenue"", ""sa"", ""smugglers"", ""stratum"", ""tariff"", ""tariffs"", ""taxation"", ""traders"", ""vat""]"
novice_01.txt,novice,505,151,144,0,26,184,41,0.0881,0.5842,8,0.0158,7,0.1707,0.4375,"[""according"", ""allowance"", ""allowances"", ""b"", ""beverages"", ""brussels"", ""bulgaria"", ""canary"", ""cigarillos"", ""cigars"", ""confiscated"", ""croatia"", ""cuba"", ""entitled"", ""estonia"", ""etc"", ""ethyl"", ""eu"", ""exceed"", ""excise"", ""exemption"", ""exemptions"", ""fortified"", ""g"", ""gin"", ""grams"", ""greece"", ""guideline"", ""hungary"", ""indicative"", ""ireland"", ""islands"", ""kg"", ""lanzarote"", ""latvia"", ""lithuania"", ""litre"", ""litres"", ""motorised"", ""non"", ""perfume"", ""poland"", ""portable"", ""preference"", ""purely"", ""resale"", ""romania"", ""sherry"", ""slovakia"", ""sparkling"", ""spirits"", ""stricter"", ""sufficient"", ""swiss"", ""switzerland"", ""taxes"", ""territories"", ""thresholds"", ""tobacco"", ""undenatured"", ""vat"", ""vodka"", ""vol"", ""whiskey"", ""€""]"
novice_02.txt,novice,311,113,92,0,16,90,27,0.078,0.6592,6,0.0193,2,0.0741,0.1818,"[""allowances"", ""centre"", ""comply"", ""confiscation"", ""consumption"", ""dairy"", ""declaration"", ""endangered"", ""entitled"", ""equivalent"", ""ethyl"", ""eu"", ""european"", ""excise"", ""faulty"", ""fortified"", ""gin"", ""guideline"", ""guidelines"", ""honey"", ""incomplete"", ""incorrect"", ""kg"", ""litre"", ""litres"", ""luggage"", ""non"", ""penalties"", ""perfume"", ""pests"", ""portable"", ""powdered"", ""prosecution"", ""resale"", ""restricted"", ""sherry"", ""sparkling"", ""suitcase"", ""tobacco"", ""undenatured"", ""vat"", ""vodka"", ""vol"", ""warranties"", ""€""]"
novice_03.txt,novice,311,113,92,0,16,90,27,0.078,0.6592,6,0.0193,2,0.0741,0.1818,"[""allowances"", ""centre"", ""comply"", ""confiscation"", ""consumption"", ""dairy"", ""declaration"", ""endangered"", ""entitled"", ""equivalent"", ""ethyl"", ""eu"", ""european"", ""excise"", ""faulty"", ""fortified"", ""gin"", ""guideline"", ""guidelines"", ""honey"", ""incomplete"", ""incorrect"", ""kg"", ""litre"", ""litres"", ""luggage"", ""non"", ""penalties"", ""perfume"", ""pests"", ""portable"", ""powdered"", ""prosecution"", ""resale"", ""restricted"", ""sherry"", ""sparkling"", ""suitcase"", ""tobacco"", ""undenatured"", ""vat"", ""vodka"", ""vol"", ""warranties"", ""€""]"
novice_04.txt,novice,239,34,115,0,19,71,19,0.1275,0.6234,6,0.0251,8,0.4211,0.3636,"[""\""[7"", ""according"", ""american"", ""artificially"", ""backfiring"", ""burden"", ""consensus"", ""consumer.[10"", ""consumers.[9"", ""consumption"", ""deficit"", ""discourage"", ""dislocation"", ""disrupting"", ""dumping"", ""economist"", ""economists"", ""exceptionally"", ""friedman"", ""growth.[2][3][4][5][6"", ""historically"", ""incentive"", ""industrialisation"", ""industrializing"", ""industry.[1"", ""infant"", ""input"", ""levied"", ""liberalisation"", ""manipulation"", ""milton"", ""non"", ""protectionism"", ""protective"", ""quotas"", ""rectify"", ""retaliatory"", ""revenue"", ""safeguard"", ""sectors,[8"", ""stimulate"", ""subsidies"", ""substitution"", ""supranational"", ""tariff"", ""tariffs"", ""tariffs.[11][12"", ""territory"", ""unanimous"", ""unequally"", ""variable"", ""welfare""]"
novice_06.txt,novice,737,177,294,0,59,207,66,0.1253,0.6391,10,0.0136,23,0.3485,0.3636,"[""2–3%2"", ""670–700"", ""accessible"", ""accountant"", ""added"", ""add‑ons"", ""african"", ""american"", ""anti"", ""appropriately"", ""approx"", ""aud"", ""auditor"", ""australia"", ""b2c"", ""bahamas"", ""banner"", ""behalf"", ""breakdown"", ""brokerage"", ""calculator"", ""certificates"", ""classification"", ""code(s"", ""complexity"", ""compliance"", ""compliant"", ""consumption"", ""cross‑border"", ""ddp"", ""ddu"", ""de"", ""default"", ""dhl"", ""documentation"", ""domestically"", ""dramatically"", ""dumping"", ""duty‑free"", ""ease"", ""european"", ""exceeds"", ""excise"", ""exemption"", ""expertise"", ""e‑commerce"", ""flexibility"", ""flip"", ""frustrate"", ""globally"", ""gst"", ""highest"", ""high‑tariff"", ""historically"", ""hs"", ""incorrect"", ""incoterms"", ""internationally"", ""invoices"", ""items1"", ""japan"", ""landed‑cost"", ""leverage"", ""logistics"", ""low‑tariff"", ""margin"", ""maze"", ""meaningful"", ""minimis"", ""mygts"", ""navigate"", ""overview"", ""packaging"", ""paid"", ""paperwork"", ""preferential"", ""pricing"", ""prohibited"", ""regardless"", ""restricted"", ""restrictions"", ""revenue"", ""seller"", ""sellers"", ""separately"", ""services"", ""shipment"", ""shipments"", ""shipping"", ""sized"", ""smes"", ""smoothly"", ""soar"", ""states"", ""storage"", ""switzerland"", ""tariff"", ""tariffs"", ""taxes"", ""tax‑free"", ""threshold"", ""thresholds"", ""tobacco"", ""transparent"", ""tricky"", ""unfairly"", ""unpaid"", ""unwelcome"", ""upfront"", ""usd"", ""vat"", ""waybills"", ""€""]"
novice_07.txt,novice,266,50,129,0,28,59,20,0.1564,0.6729,5,0.0188,9,0.45,0.5833,"[""agreements"", ""american"", ""australia"", ""blanket"", ""brunei"", ""cambodia"", ""canada"", ""cbsa"", ""china"", ""comprehensive"", ""comprises"", ""donald"", ""duties"", ""enforced"", ""indonesia"", ""japan"", ""korea"", ""laos"", ""malaysia"", ""mexico"", ""mutually"", ""myanmar"", ""nafta"", ""number"", ""partnership"", ""penalize"", ""philippines"", ""rcep"", ""regulated"", ""respective"", ""revenue"", ""seller"", ""singapore"", ""states"", ""synonymously"", ""tariff"", ""thailand"", ""treaties"", ""treaty"", ""trump"", ""twofold"", ""u.s."", ""uncommon"", ""usmca"", ""vietnam"", ""zealand""]"
novice_08.txt,novice,210,53,97,0,19,41,17,0.1267,0.7143,4,0.019,6,0.3529,0.3636,"[""agricultural"", ""assembly"", ""canada"", ""canadian"", ""definitions"", ""eu"", ""european"", ""harvest"", ""korea"", ""legally"", ""levied"", ""levying"", ""locally"", ""manufactured"", ""manufactures"", ""manufacturing"", ""mexican"", ""mexico"", ""non"", ""peak"", ""protective"", ""rationale"", ""retailer"", ""revenue"", ""services"", ""shipment"", ""specialized"", ""supplier"", ""taxes"", ""vietnam""]"
